sender_norm,0,1,2,3,4,5,6,7,8,9,10,11,12,13,14,15,16,17,18,19
AdelheidLouiseTheresaCarolineAmelia,0.0038730685404695753,0.00039243287284395153,0.021608470054202782,0.0021055117000363176,0.010458764729026048,0.2599256329063167,0.0014234401295641673,0.05950535972103649,0.09197684776673203,0.0013604513944497632,0.029272107527820338,0.14450332666944052,0.001038386152964745,0.0009503502966919605,0.0006036237549076932,0.002430093590048953,0.021082520504585797,0.001226513012518503,0.3458405008130343,0.00042259786330948865
AdersbachGerson,0.05253620438048675,0.0007094006874420907,0.0035760327568408867,0.003806132336974402,0.001163509911443282,0.6372460822261534,0.002573151935839521,0.001737301993231265,0.007207613060748482,0.00245928723417108,0.15403416754277632,0.09509243650762984,0.0018770900750622245,0.001717947706312958,0.001091170328277185,0.004392878840236319,0.002625274046556911,0.0022171668951476466,0.023173221610627383,0.0007639299240421172
AretinJohannChristophANDBaboJosephMariusFranzvon,0.0039464364752785225,0.00039986676902494016,0.002015696756034005,0.002145396624233661,0.0006558338006337194,0.07686330143932124,0.07845009399879879,0.0009792622803324856,0.799726162043994,0.001386222564821727,0.009824507300742014,0.0022674776971462643,0.0010580564084175432,0.0009683528798853133,0.0006150582616396168,0.0024761271022967733,0.00147978409012669,0.001249746974377044,0.0130620133548953,0.00043060317800033913
AretinJohannChristophANDBaboJosephMariusFranzvonANDSchererJoseph,0.0006686253503928548,6.774746286290852e-05,0.0003415096019488972,0.000363484013640088,0.00011111469993122093,0.017371131418593744,0.0002457349115948517,0.00016591159883489674,0.5964410089450312,0.00023486088118547378,0.18865258702862472,0.00038416761026297886,0.00017926130098512656,0.00016406327269503362,0.19144083505141998,0.00041951805426529236,0.00025071255092149955,0.00021173849215102013,0.0022130327729744177,7.295498168393396e-05
BassewitzAdelheidHenriettevon,0.0005188584638844807,5.2572557251181455e-05,0.001794247559453145,0.02363864272621411,8.622586996951892e-05,0.3351703241051078,0.00019069219956733484,0.009304149427819604,0.00976055810829077,0.0001822538675311236,0.019642480388022843,0.00029811704868519333,0.00013910816155628412,0.00012731437358812336,8.086489845532554e-05,0.05110630254701692,0.009420968248240662,0.00016431071409144784,0.5382653951029608,5.661363229348913e-05
BayreutherPostamtANDOsmundEmanuel,0.03506883465184199,0.0001060095318164737,0.5380912517721002,0.0005687706739178126,0.000173869497393175,0.3061671200333585,0.0003845198303860791,0.0002596143113285425,0.0010770720970673154,0.0003675044201560471,0.03662718254284313,0.007405653139976006,0.0002805035906466326,0.0002567220969126678,0.00016305940730024308,0.03467903779866701,0.00039230871564126566,0.00033132308535121537,0.037485484676553035,0.00011415812674259641
BergnerCaroline,0.0017283702567972615,0.0001751245293301094,0.0008827889012469213,0.0009395918919731283,0.00028722713301438014,0.6181873511837783,0.02311692721074634,0.00042887496340877473,0.0017792904168283101,0.0006071061488884081,0.08298870610112945,0.03471562635729625,0.0004633834188838816,0.0004240971129681306,0.0002693691922509196,0.012325293745378652,0.0006480820922567272,0.0005473356818402118,0.21929686790113345,0.000188585760850398
BornträgerJohannFriedrichWilhelm,0.004050396225855128,0.00041040033515025613,0.0020687956297414747,0.0022019121412932587,0.0006731102267869557,0.4213430506150731,0.001488612057409762,0.0010050586824917923,0.08319779486441703,0.001422739395381468,0.4579090322153351,0.002327209157999616,0.0010859284598249595,0.0009938618990963494,0.0006312605504312088,0.0025413549496378558,0.001518765582893767,0.0012826686708376294,0.013406101916540614,0.00044194642380268015
BrockhausFriedrichArnold,0.009115065090128802,0.0010088674627801693,0.004446870749311331,0.01804723529210775,0.0005540524112377309,0.2073130251266627,0.006333947217190681,0.0030108778893413127,0.058429400670149824,0.0027892560723871444,0.25008226436810216,0.003895511533673226,0.0008938525335882684,0.21759423383051293,0.000519604986177646,0.021395646896441342,0.012956460243012441,0.004722791151846283,0.17642327974405547,0.0004677567312927588
CarlAugust,0.008560559368135264,0.0008673858649506942,0.004372423541156568,0.004653766831164577,0.001422626265777788,0.1110553077928796,0.0031461988366058803,0.28050210071734394,0.4542174012658234,0.003006976201933573,0.07698677469382569,0.004918583528187485,0.0022951223859380893,0.002100538642770864,0.0013341764897549535,0.0053711831408015465,0.003209928662200882,0.002710935102166328,0.0283339517796407,0.0009340588889421976
CarolineFriederikeWilhelmine,0.003345384768890801,0.000338966104499934,0.0017087013229733655,0.023576131848754726,0.0005559487454841057,0.08691432119948676,0.0012295044301732314,0.022587602552260187,0.5473810508325119,0.0011750975554015615,0.1606306011624681,0.0019221354250475648,0.0008969118888699565,0.0008208704221068804,0.0005213834185242802,0.0020990070271628327,0.001254409436809034,0.0010594075235312776,0.14161754305010904,0.00036502128493444
CottaJohannHeinrich,0.02318366938916319,0.2552060490170656,0.0008037147948216949,0.0008554297676450815,0.00740831824223659,0.40363939896240675,0.0005783169285018731,0.0003904593190210854,0.0016199139231015112,0.0005527257911825019,0.2523260717805982,0.003991266134862037,0.0035090359680406556,0.006560427878527158,0.0002452409684528625,0.008134120202815202,0.0005900313937680995,0.0004983091479825424,0.02973580683331366,0.0001716935564936107
CottavonCottendorfJohannFriedrichFreiherr,0.0013289296372199725,0.00013465180641457876,0.0006787691061345901,0.0007224444572706762,0.00022084657391862705,0.050555706844495826,0.0004884116444674935,0.00032975842259151217,0.17994678742781095,0.0004667989113000137,0.27193454448310317,0.0007635542425043838,0.4791872562241619,0.0003260847727888697,0.0002071157505334471,0.00403974085021517,0.0004983049762424365,0.0004208418920916317,0.007604449940414018,0.00014500203632072188
DalbergKarlTheodorReichsfreiherrvon,0.003359698742169402,0.0003404164464179346,0.0017160123818702653,0.0018264290797645763,0.0005583274959229587,0.15711666151365627,0.011446933960134641,0.0008336701406690692,0.5295272876907715,0.0011801254718206778,0.008363845466030851,0.1679490597100234,0.0009007495260021424,0.0008243826988998209,0.0005236142735189171,0.002107988095881086,0.0012597767067643113,0.0010639404344011999,0.10873449705554022,0.0003665831097407402
DegenGeorgChristoph,0.0032741475550061355,0.0003317481004274398,0.001672315935336767,0.06566245062784391,0.0005441102747469731,0.10635772884592726,0.0012033231457724439,0.0008124416092708187,0.17372402080772978,0.0011500748205975034,0.00815086895718857,0.08705791131987965,0.21381957835355994,0.06468592030185623,0.000510280987961817,0.2149960758657524,0.0012276978208000519,0.0010368483126905338,0.053425207900402005,0.00035724845724982313
DieskauJohannaSidonieDorotheavon,0.0013733140650018178,0.00013914899212713854,0.0007014390636161628,0.0007465731115967268,0.00022822254668379522,0.4286725029902851,0.0005047239237293425,0.00034077190177283736,0.0014137737822920034,0.00048238935490738273,0.0034188144525675746,0.12583237887201007,0.000368191343341608,0.00033697555710374415,0.26816401091416386,0.0008616634773213629,0.0005149476792207777,0.00043489743426931306,0.16531541563246846,0.0001498449055209008
DoerfferWilhelmine,0.014536045810919844,7.180679251798575e-05,0.0003619723616760039,0.0003852634482249887,0.00011777253149398435,0.29956825153404776,0.00026045899087060717,0.00017585278105502838,0.0007295673443301244,0.009467171670930532,0.05246456399263018,0.00040718637594009874,0.0001900023779841156,0.0001738937058952797,0.00011045019091665083,0.0004446549672440923,0.0002657348831218233,0.00022442555531158843,0.61996759834658,7.732633830926599e-05
DoeringHeinrich,0.0015857672092435724,0.00016067548897798282,0.011123356561410544,0.0008620687647813937,0.0002635288170158979,0.05151221685034127,0.0005828052507200425,0.00039348967685860114,0.36260163062944334,0.0005570155003832099,0.04520132519802659,0.09373176086194476,0.3510808913470725,0.0003891060336376845,0.0002471442855325886,0.0009949637323034349,0.0005946106320430834,0.010815580658950805,0.03618882404049361,0.031113238460818995
DönhoffStanislausOttovon,0.0016911804770873202,0.0001713563305648387,0.0008637937093089447,0.0009193744557251338,0.00028104679418853326,0.27593659863141545,0.0006215470065318552,0.0004196467524108389,0.008501306681350162,0.0005940428924195373,0.11693748312740664,0.1362856719878276,0.00045341268072650055,0.0004149717081858629,0.02054447822581066,0.0010611035653109203,0.0006341371460565725,0.0005355585216194917,0.43294876139268934,0.00018452791336379855
EhrenbergCarolineAugusteEleonorevon,0.06051270451864198,0.02840071498810594,0.017739540367510763,0.020501396878173067,0.00018901763876080508,0.4219789622568878,0.0015418610953406434,0.004284897192220744,0.0071126459842844785,0.0003995227384534994,0.12517686519223942,0.000653508983286975,0.011276244586440267,0.06222519353640554,0.0033236075106238654,0.0017039330011902136,0.0015503285765353753,0.00036018915450370255,0.13160026041422238,0.09946860538617257
EndeHenrietteFreifrauvon,0.016979604322158903,6.456523836793783e-05,0.0019938914650162857,0.007839320257918472,0.000733102746683025,0.3530536004765085,0.0048462752082896,0.34725565006606984,0.009598797333051964,0.01391684853863864,0.11349400678082766,0.0009961510850536824,0.00017084106384429771,0.00015635691524587469,9.931153661447293e-05,0.0010270669143440268,0.003479978345258821,0.005571352995922717,0.11853494490139481,0.0001883338087903998
FernowCarlLudwig,0.01460335441114655,7.213929110487962e-05,0.018885494388383862,0.0003870473957823814,0.11124939343844233,0.2129766226277379,0.004892126518102852,0.14372097299971362,0.06092894484261273,0.00025008608088058007,0.048077037653455716,0.20414937704069547,0.00019088217667684188,0.00017469891400237396,0.00011096162627135967,0.00044671392494265486,0.00026696535826251804,0.06968238697781202,0.10885710993903304,7.768439494034399e-05
FeuchterslebenCarolineHenrietteSusanneFriederikevon,0.002522225533731643,0.00025556072706182296,0.0012882614120806794,0.0013711545034414655,0.06603466350159988,0.5084330386387025,0.09935024055289207,0.0006258609110135372,0.002596533759823199,0.0008859552080289266,0.022682864581863155,0.0014491783107963756,0.0006762193959427106,0.0006188885529031438,0.000393092771658146,0.0015825292111757852,0.0009457517534889423,0.0007987316530301379,0.2872140442031382,0.0002752048176277299
FichteJohannGottlieb,0.001803374624088716,0.00018272423458305583,0.0009210984143443285,0.0009803664280382274,0.00029969164361097093,0.30552185125487064,0.0006627808885236894,0.0004474864242060857,0.06943458871245077,0.0006334521314098301,0.17486021089383147,0.015005661716822813,0.00048349240884714356,0.0004425012341355768,0.00028105873953000136,0.05700953307436159,0.0006762062670922235,0.09774736152554364,0.2724097897539123,0.0001967696297969583
FischerFriederikeChristianevon,0.0004050450704104025,4.104058550772854e-05,0.00020688234552570416,0.022767474016559285,6.731192801892467e-05,0.17801709420933387,0.13174437343303974,0.00010050722006352055,0.0465411752607306,0.0011840267365245281,0.16895754071042876,0.008566731113017619,0.00010859430656752565,9.938752666418659e-05,6.312690409510165e-05,0.00343924590247859,0.0001518786010448215,0.0001282685922864149,0.43736610030089995,4.4195236802787014e-05
FriedrichWilhelmIII,0.005702932647634306,0.0005778411146515251,0.0029128513558312357,0.003100278574635634,0.0009477350051079084,0.22234496355608505,0.07627664175814115,0.0014151163623407387,0.005870948870964799,0.0020032082034847024,0.27382963780345543,0.003276695993421621,0.03861932313340869,0.0013993513610880822,0.0008888109215679746,0.2261202677046239,0.002138412477154527,0.001805989496119795,0.13014673584937525,0.0006222578109077272
FörsterErnstJoachim,0.015093757726272295,0.12786266914104508,0.012128898579164592,0.0038892237141877574,0.07608528113837836,0.15452995987672682,0.0008566001099926093,0.029023637648099874,0.0156412980397784,0.020236892823174733,0.11627519624367928,0.021921588652136788,0.02565001565579253,0.0005719033430138692,0.00036324968230760636,0.0034892859275240423,0.0008739515167057915,0.04403272619870795,0.292708447315232,0.03876541666807962
GentzAnnaHenrietteNanette,0.0005433885897956472,5.5058035543640466e-05,0.0002775432024760205,0.017965669106193547,9.030237945019128e-05,0.5018168149169425,0.056744563272476324,0.0036688890353879264,0.0005593975634762711,0.00019087030270472605,0.10030624322069524,0.00031221115960277366,0.0001456847926720219,0.00013333342855551678,8.468795672453492e-05,0.0003409402945417656,0.00020375287806431185,0.00017207884892159355,0.31632928085486184,5.929016091374302e-05
GentzLudwig,0.0023310354338005874,0.00023618867635027797,0.2589178937535205,0.0012672180540526446,0.0003873803208382863,0.3031280108413745,0.0008567081489101366,0.0005784193129013398,0.017560139485183243,0.0008187979048884408,0.08160516903527902,0.016499756037677366,0.0006249605167677286,0.0005719754744756662,0.00036329549727075053,0.0014625701060196068,0.000874061744074122,0.03105904317836012,0.2806030327754965,0.00025434370275910533
GiechAugusteCarolineWilhelmineLouisevon,0.04444163058135495,0.0006000989918710328,0.003025051554454809,0.003219698287270871,0.000984240834903427,0.6160997403021079,0.0021766907052149483,0.1170267048265073,0.006097092106222032,0.0020803698333994613,0.13030118280461847,0.003402911133289635,0.0015878753455365318,0.001453253013276388,0.0009230470530269619,0.0037160411740545436,0.040739808563897986,0.0018755544534153601,0.019602781859549168,0.0006462265760282506
GiechSchönburgKarolineWilhelminevon,0.0027475803966323154,0.00027839447124512203,0.0014033645105217395,0.0014936639027819474,0.0004566033446523167,0.14286124527797442,0.001009797826943722,0.0006817800974265282,0.0206980530248542,0.018834638340896083,0.006839999537604296,0.0015786589520715313,0.0186061631319772,0.0006741847756734911,0.0004282146774828025,0.0017239244387838382,0.0010302524271579797,0.0008700964297940645,0.7774835907208644,0.000299793714661987
GleimJohannWilhelmLudwig,0.005922604061529312,0.0006000989918710328,0.003025051554454809,0.003219698287270871,0.000984240834903427,0.3079475281435028,0.0021766907052149483,0.0014696252670303807,0.19869222470535025,0.0020803698333994613,0.13030118280461847,0.003402911133289635,0.040106901865362164,0.001453253013276388,0.0009230470530269619,0.0037160411740545436,0.0022207820440723683,0.0018755544534153601,0.28923596749832864,0.0006462265760282506
GoldschmidtCaroline,0.04232425202353514,0.00426001403427277,0.17681401878272815,0.005644785153451053,0.0009424280516810502,0.508096624833687,0.007605621205723854,0.005092600860914962,0.029009355671734544,0.001991991003969123,0.054325972814554375,0.012851421077363194,0.0026105267598570936,0.0013915155288553584,0.001973941881244828,0.015834919343351156,0.005073332209137402,0.005420973430849015,0.11811693192784854,0.0006187734052413877
GriesbachJohannJakob,0.005128697328446168,6.925322172367441e-05,0.009239522161258621,0.00037156282945335087,0.00011358434140430966,0.17778482181111618,0.00025119662934629315,0.00016959915921712114,0.16517643243539168,0.0002400809121349417,0.45511304323923996,0.0003927061408400324,0.057970989534504816,0.0001677097520781317,0.00010652239562235152,0.0004288422857680943,0.03137276241991624,0.00021644460360152235,0.09561165231579014,7.457648314635612e-05
GöschenGeorgJoachim,0.1579154752704853,0.00016234986878517824,0.0008183928478248196,0.0008710522789523803,0.00026627501889542646,0.0937325348817326,0.000588878593639614,0.0003975901851157266,0.4080637737579742,0.0005628200914385656,0.003988847272915068,0.000920618403731503,0.0004295813815505916,0.0003931608604798178,0.0002497197461942719,0.0010053321288327208,0.000600806997411376,0.21934586581251286,0.10951209544626378,0.00017482915526415138
HaugFriedrich,0.12529752142697248,0.2657158416448358,0.0006952295059272865,0.0007399640003483112,0.00022620218434151368,0.061921141076326874,0.0005002558059926486,0.00033775518529300866,0.0014012582120656964,0.0004781189561184206,0.0122411465471083,0.1866866178508611,0.00036493189358236894,0.0003339924481351767,0.00021213838345284945,0.0008540355173910438,0.0005103890546919558,0.00043104746233744285,0.3409038944553301,0.00014851838888748245
HeimJohanna,0.08924600155991111,0.00010314234008628492,0.05096558701474937,0.006109691580422979,0.011141427547385995,0.3539207429200698,0.03596399371750813,0.00025259264078887335,0.004424021207121506,0.0037102468022234283,0.03322890190899718,0.05299410586449686,0.0002729169372428365,0.00724468375421857,0.0029566112548343572,0.00576945420420321,0.005263274231966892,0.011690196535126433,0.3246313374349852,0.00011107054366094609
HeineJohannGeorg,0.0018129066426415801,0.0001836900520958667,0.000925967024037104,0.12216523268808072,0.0033140281602187754,0.30005971517690333,0.0006662841205429843,0.10288343496889588,0.2434446307698928,0.0036495527912629787,0.02560243102474206,0.05121701419244089,0.0004860479835734036,0.00044484014359848277,0.000282544319444379,0.007162983558650397,0.0006797804610491464,0.09646148125791822,0.03835962497756862,0.0001978096864423226
HenckelvonDonnersmarckLuiseAntoinetteBenedictineFriederikeSophieKaroline,0.0006381022662855245,6.46547570511893e-05,0.00032591951656307924,0.033547257194475134,0.00010604225789837148,0.15352964195542995,0.00023451698907619447,0.12465971168520555,0.0006569016348743148,0.00022413936363347865,0.19249063878865647,0.00036663016530597996,0.000171077932281048,0.0001565737016393564,0.07065022785001075,0.0004003668437295875,0.0002392673966597834,0.00020207252330779944,0.42126663262790187,6.962455001442117e-05
HenningsJohannWilhelmChristoph,0.002607780973639396,0.0002642295039552876,0.0013319600307619664,0.0014176649067160964,0.000433370945630519,0.0677511045271944,0.0009584183827901436,0.000647090497680836,0.2740495254505038,0.0009160073530682069,0.0404125885155451,0.0862998714764603,0.42470683790786906,0.0006398816328991112,0.0004064267200120875,0.0016362095744178054,0.08577936838099415,0.0008258251214885818,0.008631298164229449,0.00028453993414367365
HerderLuisevon,0.28640223177377283,0.00048744382267562684,0.002457165756764333,0.033903212385248495,0.000799471623011629,0.18756138364057295,0.0017680656900028637,0.0011937359798396905,0.19268014218513732,0.00168982690840651,0.07455210843361322,0.002764090647552073,0.0012897872498460207,0.0011804372506903893,0.0007497656055613398,0.003018437523871813,0.001803879865748332,0.001523461036917648,0.20365044063657628,0.0005249119841905825
HolzschuherJohannHeinrichChristoph,0.004275661048398743,0.0004332249561291446,0.0021838527388306807,0.0023243725921002264,0.0007105455904734912,0.05546773678311415,0.0015714019654212686,0.001060955526438124,0.032209379279504215,0.0015018657621750663,0.038451851058413165,0.002456638065387061,0.001146322917097072,0.0010491360283046678,0.0006663684233261994,0.002682693682894662,0.0016032324943855401,0.0013540049338615007,0.5703067167765542,0.2785440393771909
IndustrieComptoir,0.011013231567201494,0.001115899204481566,0.00562515963009201,0.005987110137002808,0.0018302206462013934,0.07124648583053024,0.004047611242902718,0.002732805234769755,0.5843545038205443,0.0038685001534160507,0.09904413261487156,0.006327799043154278,0.0029526942369550065,0.0027023606161532703,0.0017164292660454994,0.00691007224827897,0.004129600199094961,0.003487640790734489,0.1797060689074251,0.0012016746101445673
JeanPaulANDRichterCaroline,0.13021222860265738,0.00020131050357277374,0.01444100764975993,0.019085435784461178,0.0053234164142517025,0.3928751383499027,0.00073019736397619,0.006963373390171556,0.029184933448719325,0.006479173225210438,0.03432958356134778,0.02981966112303848,0.005745219327552579,0.001661434176927925,0.005005338490161258,0.014695439386522855,0.007217622516801338,0.017434765833504572,0.25454020200351185,0.024054518847948316
JeanPaulANDRichterEmma,0.14721605430981394,5.857729556376392e-05,0.00029528351388899643,0.3875888240119814,9.607442617476394e-05,0.43989381866929655,0.00021247270286645602,0.003903401116558636,0.000595153751670383,0.00020307056046374442,0.0014392120388679438,0.00033216741559660625,0.0001549968333456169,0.00014185598116438146,9.010113460754108e-05,0.0003627328909535811,0.011496617563893316,0.00018307797388744199,0.005673427874830983,6.30799345740298e-05
JungFranzWilhelm,0.00630602504830582,8.51507747285367e-05,0.000429238320585196,0.00045685763060268077,0.0001396584076073568,0.3989626638058134,0.16974369517071802,0.0002085318118234121,0.0008651441236675612,0.005760832962257339,0.16059566282912008,0.038742333321556216,0.00022531085316976557,0.00020620867829029623,0.00013097534363635472,0.0005272859797802962,0.0003151168625802745,0.0002661309499220043,0.21594148109843925,9.169602739609493e-05
KalbCharlottevon,0.016667469999400265,0.0002025792388704293,0.0038504690616649284,0.004909341946511609,0.00784762672273929,0.3771352168579395,0.004672788264792981,0.003295576986925327,0.01508135023571901,0.0054014640029076645,0.13611911607308333,0.00533802572728342,0.020793881093898323,0.001369483187329209,0.0004410166540911044,0.0408447381480095,0.013510573857084318,0.1773233988447815,0.16497773227571552,0.0002181508212528057
KeßlerGeorgWilhelm,0.02613064060871976,9.800685938301946e-05,0.0004940448265034787,0.006816677562215903,0.00016074406791560903,0.09432922328616328,0.0003554923816838768,0.00024001599543185562,0.013577450704748995,0.00033976146683891567,0.1282248439170834,0.12637262514051706,0.09462198017389956,0.0065281855701923895,0.16371267987736687,0.0006068957451029077,0.00036269328304505916,0.0003063114653933284,0.21709016109628826,0.11963156597150648
LangermannJohannGottfried,0.0022517082661401757,0.00022815096982010252,0.011907267560413656,0.01975592885236435,0.000374197430859913,0.3217829480443074,0.08422081262353323,0.0005587351995038296,0.14306615363217476,0.0007909334984794922,0.01098413253532421,0.0012937490077278876,0.03287522226564922,0.0005525106505165568,0.00035093223483192873,0.12245617455349234,0.04717390499420282,0.0007130649664365519,0.1984177845493662,0.0002456881648553999
LentzTherese,0.0004457251628626738,4.516243498748674e-05,0.0408119351301725,0.00024230904658717207,7.407230027126691e-05,0.2347936147031069,0.06393910313772375,0.00011060151154610068,0.0033577336141832944,0.00015656511446202133,0.4156489952717963,0.00025609733545164183,0.00011950081242002544,0.00010936936342424177,6.9466959763999e-05,0.0031785397488667878,0.00016713229991286308,0.00014115105543464448,0.2362842910780857,4.8633918940717384e-05
LevezowMarieUlrikeWilhelmine,0.03391030207680869,7.384906741559305e-05,0.03829393323007648,0.02409726202341362,0.00012112212943957676,0.5071770929921182,0.0002678667699992729,0.00018085425386601847,0.0007503171511546838,0.00025601338138741663,0.07291755470507638,0.00041876726522744375,0.0001954062830108644,0.0523211301031462,0.00011359153234738677,0.00045730151008294064,0.00027329271521803303,0.0002308084985112813,0.2678640087157144,7.952559598552758e-05
LindenauBernhardAugustvon,0.004050396225855128,0.00041040033515025613,0.0020687956297414747,0.0022019121412932587,0.0006731102267869557,0.5530564979590689,0.001488612057409762,0.0010050586824917923,0.2675966211460111,0.001422739395381468,0.0891113796521469,0.05501258809559794,0.0010859284598249595,0.0009938618990963494,0.0006312605504312088,0.0025413549496378558,0.001518765582893767,0.0012826686708376294,0.013406101916540614,0.00044194642380268015
Ludwig,0.0016881557673298782,0.0001710498563759032,0.0008622487971624517,0.0009177301363135454,0.006307458207966228,0.05096033534466075,0.0006204353574081594,0.024526552492015782,0.09583344835317666,0.0055453781823099945,0.05867897641950681,0.0009699524053428941,0.5369441806713002,0.00041422952307208137,0.0002631017015312601,0.0010592057605815397,0.0006330029792191352,0.0005346006646030642,0.21288575949858535,0.000184197881538317
LudwigErnstKarlFriedrich,0.0009612199025510524,9.739416791915564e-05,0.0004909562972936835,0.0005225468462491075,0.00015973917377964098,0.13124861950048064,0.0003532700153199561,0.0002385155315610853,0.019744087198568745,0.0003376374425431416,0.43999905154118574,0.0005522817115493524,0.00025770714520898246,0.0002358583665717563,0.00014980761657255038,0.0006031017265533831,0.0003604259001300123,0.006555912700445364,0.397026986686617,0.00010488052889954292
MahlmannErnestine,0.05085607428402912,0.0002728172946332032,0.005902313805194938,0.03670268606352964,0.00028196883434235785,0.598437489965576,0.0013331155045952186,0.00040987111374025676,0.014408347386036689,0.0018814333139827227,0.08372376012456108,0.002932383420823903,0.0003963465658843866,0.029938163782400985,0.009316693804551347,0.012871349956822691,0.004593518809671724,0.001509236278163735,0.1441274924341333,0.00010493725732680677
MahlmannSiegfriedAugust,0.004256909352336075,0.008572956598216084,0.004427599392981182,0.006543412886435621,0.00030553225462296737,0.2870081031044507,0.0068875585885728495,0.0027593975276237383,0.1261775540787149,0.000645797312108587,0.1222951525017053,0.014746730083022463,0.021180993484899515,0.005602039004052495,0.0002865362188128327,0.0230637851739788,0.25872633800447,0.001527543938229716,0.104785456073806,0.00020060442096020615
MannLukreziavon,0.0008450037074909443,0.03305968204999374,0.0004315972758451645,0.00045936837267551717,0.00014042592513648853,0.3846682021714825,0.03878029847296988,0.00020967783535109008,0.0008698986765191661,0.00029681542171518043,0.04606902315547956,0.11589472974641846,0.00022654908889272759,0.00020734193462593951,0.00013169514184862972,0.0005301837733272808,0.00031684864314328456,0.00026759351972076555,0.3765028651281987,9.219995916492983e-05
MayerJohannSiegfriedWilhelm,0.008478409306049943,0.0005523728640176651,0.0033204148115388078,0.005847558327764046,0.0009066192243129542,0.33098169035964614,0.0035426058574674507,0.006324875179507515,0.02379934968809415,0.004122787313765274,0.11271057536093308,0.005761718757764367,0.002986450173539884,0.006945203271275778,0.0024517255666158277,0.4364041964401075,0.005588510791955724,0.0022466813067902928,0.03453206564701081,0.002496189751842897
MayerJohannSiegfriedWilhelmANDMayerJulieHenriette,0.003202150492019866,0.003095766321973487,0.007651520584843499,0.005603090614249013,0.00015934032855439468,0.38760816029226025,0.010311936728627465,0.023105488998250816,0.020065442632020286,0.0003367944115030006,0.118470637827085,0.0005509027453356784,0.004565604373923103,0.017376532108373012,0.00014943356898508803,0.3136938567489963,0.0008100551692231132,0.009005436280922326,0.07413323111521133,0.00010461865764289926
MayerJulieHenriette,0.017238885691547128,5.211140373900704e-05,0.00026268946460650564,0.23107877586158304,8.546951789429539e-05,0.5150992442539156,0.00018901949460161304,0.07371576485254544,0.020598953591788,0.00018065518153383055,0.041419337084333485,0.0002955020394250691,0.00013788793905564924,0.00012619760328817512,8.015557150065352e-05,0.08060067055557135,0.0001928482988351089,0.0035077851262529077,0.015081929436515932,5.611703146723759e-05
MayerJulieHenrietteANDMayerJohannSiegfriedWilhelm,0.0010680509018786764,0.00010821865902662437,0.042223419382237545,0.04920483721854038,0.0001774927549543106,0.6459705024357316,0.0003925328194597315,0.09751345232397404,0.014992149707866338,0.0003751628259664122,0.0026588731248564173,0.0006136628866567356,0.0002863489906217521,0.0002620719155565096,0.00016645739394696867,0.07707961017460979,0.04902469797854298,0.00033822751017659414,0.01742769393329105,0.00011653706210553615
MayerThereseApollonia,0.08320251986291602,0.00021064136896287373,0.0010618264807059888,0.02817135645683265,0.00034547939533578683,0.2838608253116051,0.0007640424599376367,0.0005158546878149675,0.0021401466180488928,0.0007302327709134103,0.03221654978275329,0.04175626960013334,0.0005573617704028615,0.0005101078460597497,0.0003239997025499602,0.014824974875462716,0.0007795190064776933,0.0006583403121542487,0.5071431190308571,0.00022683266007558184
MerzdorfErnestineAmalie,0.005123372172479273,0.00013380069728966763,0.007344596422536458,0.01954293701135972,0.022805750238046516,0.38298477418412635,0.00904172000490805,0.0003276740806880711,0.05406124900932174,0.00046384836185337045,0.054582907721646895,0.0007587279575813339,0.002255460862319826,0.03797414163469526,0.02397357194349105,0.04737742262173182,0.0004951552827956009,0.08897055944000462,0.2416382448478145,0.00014408550530989168
MeyerJohannFriedrichvongenImo,0.0014510772905544926,0.00014702823456407937,0.0007411577015486799,0.0007888474425368834,0.00024114553482340497,0.18869819235038848,0.0005333036647536535,0.019234902070351667,0.10530541572987584,0.0005097044120861078,0.2961723321225053,0.000833735805397837,0.29294896899774714,0.00035605663034154133,0.0002261526522532413,0.038660123001376785,0.0005441063353123242,0.0004595232850744742,0.05198989693977666,0.00015832979873134468
MiltitzCarlBorromäusvon,0.0011922802360978106,0.00012080601037600056,0.0006089735434082216,0.0006481579038933418,0.00019813765749398244,0.19381555785288007,0.00043818990446838334,0.03906720302811903,0.2183469808067553,0.00041879953654977203,0.21233344129253906,0.06271920460947131,0.2484563118132872,0.00029255456346200865,0.00018581872886978032,0.0007480767585207941,0.00044706593794228386,0.000377568124308304,0.0194547797308868,0.00013009196067053847
MosengeilFriedrich,0.10001759437366108,0.0068974247580639424,0.0005167625067748191,0.05626828577079616,0.17947016161452906,0.28229632609421457,0.00037183900011351987,0.0002510526592156225,0.013080319262045245,0.00035538473006949166,0.11966708967700432,0.07271605298563914,0.009904553897109716,0.0002482558252644764,0.0001576819767884217,0.014981729980749096,0.00037937102076998267,0.00032039659605545936,0.1419893238912673,0.00011039337986854654
MüfflingWilhelminevon,0.011205754491130274,0.00015131222426619962,0.0007627529548039168,0.0008118322408675676,0.0002481718382470886,0.4661434403344751,0.0005488426353104408,0.18490610012260508,0.001537353971003857,0.000524555766718612,0.07170443659246341,0.0008580285245153791,0.00040037552744669197,0.00036643112026367946,0.00023274210519901427,0.0009369828363781236,0.0005599600653407595,0.010185309387548129,0.2477526741771533,0.0001629430842633031
MüllerFriedrichTheodorAdamHeinrichvon,0.0015372730846673925,0.00015576189438892978,0.0007851833899553039,0.004852709226902948,0.03038299437488477,0.2793386343896798,0.0005649825651030589,0.00038145642424889157,0.10921369320874179,0.0005399814875035189,0.005835485986689689,0.08358382904809325,0.012610157567605298,0.00037720683660638117,0.059196625616334035,0.018903058544148924,0.0005764269277159058,0.03463134730093598,0.35636545734028346,0.00016773478551062844
MüllnerAdolph,0.01936938121939848,3.7008844844089065e-05,0.057198939430018025,0.00019856276376480745,6.06993460105426e-05,0.037995630731245206,0.00013423919998883,9.063360249431827e-05,0.03838426903571748,0.00012829897304535127,0.2479629370335153,0.004960893456766697,0.0428572118083783,8.962390541577398e-05,5.6925450020769254e-05,0.01923329976509264,0.00013695836722764628,0.00011566775599250909,0.05584579263542435,0.475143026675639
MützschefahlAntonievon,0.011515894973524692,0.00012671931629619176,0.020757618147184496,0.0027943847692481387,0.00020783625261706692,0.2817120669104834,0.2068497450558745,0.011584587144047472,0.01253768184891249,0.001190148442629488,0.05882028433617606,0.02769952818433339,0.0003353021432724077,0.001423787126162249,0.01244587862741176,0.000784694197596468,0.0004689492668372766,0.0003960496205335225,0.3482123838343995,0.0001364598024592711
MützschefahlAntonievonANDSchwendlerAugusteSophieHenriette,0.0005376879360294137,5.448042533323594e-05,0.007268587434527245,0.0002923026609131612,8.93550231582489e-05,0.3356913017451492,0.21351326799851592,0.00013342100338920834,0.0005535289606256809,0.0001888678949795564,0.10974487093455593,0.049266627209030106,0.00014415642314490122,0.00013193463637265976,8.379950097017705e-05,0.0003373635124549882,0.0002016153200928515,0.0001702735810955559,0.2815378896479061,5.866815175591245e-05
OertelAuguste,0.001997862470276508,0.00020243042449815968,0.0010204357590867406,0.1440152672276567,0.00033201237248660896,0.6236218848910217,0.0007342595628831786,0.1694120400291242,0.002056722240806821,0.0007017677986346692,0.004973604553896883,0.0011478985210316365,0.0005356354278232175,0.0004902234937331669,0.0003113699727997207,0.0012535261723588516,0.0007491328230660884,0.0006326777570322598,0.045593257933760914,0.0002179905680219917
OertelLudwigChristianvon,0.04114212238849771,0.00015430965754061643,0.0007778627788645742,0.010732709800234528,0.0002530880208578625,0.28718643683017125,0.23827480685679345,0.010282695432467652,0.3581404461344153,0.0005349470019084632,0.0037913036904255243,0.0008750257186433073,0.0004083068028875949,0.00037368997088190766,0.00023735263110902948,0.000955544083130906,0.0005710526452055838,0.0004822807058931048,0.044659847929954484,0.0001661709201171181
OsmundEmanuel,0.028070006005277953,0.001249488348347113,0.3861055202164257,0.004575370350052072,0.000979162117604022,0.3234659621269721,0.0224786659200559,0.0016754785479134737,0.011875913733044216,0.0031408840090053057,0.058542905745717556,0.004898428868413885,0.001074675856116005,0.0012048311635714036,0.0006056212915442797,0.005252548244565715,0.004208893825424667,0.0007733063945760611,0.13911037739122964,0.0007119598441429621
OsmundEmanuelANDBraunHenriette,0.0010052084401058427,0.03932748593795427,0.4516082230674256,0.0005464602832361712,0.00016704935600342588,0.3726087898212179,0.0003694367959854842,0.0002494307751901761,0.0075724290433296345,0.0003530888260213603,0.009040034928887802,0.013652767478096886,0.0002695006592686448,0.0002466520097204448,0.00015666329855552435,0.0006307016158996645,0.00037692015727295165,0.0003183267270384439,0.1013911505770245,0.0001096802017652624
OttoGeorgChristian,0.01089022599313421,0.00021923776608795767,0.014986656097018491,0.0033721454085497765,0.0003595786109621519,0.14876311318721297,0.002269678175387784,0.0013035324753430887,0.5071387717361003,0.0018102236404288633,0.12933479756797808,0.004419765676351544,0.07183051999295305,0.0005309256447805871,0.0003372223193855897,0.02063174887734957,0.004092107155984822,0.0058061524092430684,0.05480174738195912,0.017101849883788923
PohlEduard,0.0006251306618927397,6.334042865135195e-05,0.00031929409105353843,0.00033983904723437487,0.00010388658741880628,0.020306805455118968,0.0002297496316063776,0.00015511889810101054,0.0006435478692120089,0.00021958296678689066,0.0015562396075942061,0.004424859126266012,0.00016760018995801352,0.00015339080726130876,9.742758577514811e-05,0.0003922280224414583,0.0002344034709576712,0.00019796471023536056,0.7704829651569147,0.19928662568552
ReckeElisavonder,0.0007613238992976978,7.714000458404794e-05,0.00038885666188183686,0.00041387761686609016,0.00012651969682457727,0.2970604617366073,0.00027980372114076333,0.00018891366486401283,0.0007837535463222517,0.00026742210978324425,0.001895287623083234,0.0004374287975432629,0.4408828273687516,0.00018680908587497563,0.00011865351361412419,0.0004776802445665223,0.00028547146284280096,0.00024109402130971348,0.2550436057278548,8.306949638713291e-05
RichterCaroline,0.06462398152861495,0.002093303772810448,0.008340650580544682,0.1116338021485332,0.002986801027458536,0.3217940843815911,0.006273428119318526,0.005676681796414256,0.02878986297358393,0.027561050192159636,0.07565891197218508,0.005226605964369217,0.03695819632883524,0.009670409928160982,0.00436232372925826,0.011771579142644666,0.0021489624843981448,0.007332675048157467,0.2654046274036941,0.001692061477267704
RichterCarolineANDJeanPaul,0.22587387835367032,0.0013594399762137338,0.03116840154639654,0.027337617680817876,0.005366464733568517,0.26584075226667825,0.0071015375646211,0.004864746305629443,0.010020393055932898,0.025885196396565426,0.0620016234099413,0.01812761587218068,0.007156873051501392,0.0048394208743031365,0.0105959717294034,0.017931787721134622,0.009470399350765683,0.004544460534251618,0.25076046246185246,0.009752957114571624
RichterCarolineANDOttoAmöneANDOttoGeorgChristian,0.494262056040843,0.0002735070304882397,0.001378727308228138,0.0014674414214126508,0.0004485873025721648,0.3159113115404431,0.05365950339773408,0.0006698108948037518,0.0027788707849461906,0.0009481698572369598,0.02427572892783116,0.0015509443136699009,0.0007237057159338112,0.0006623489150848841,0.0004206970214817178,0.0016936595469337445,0.001012165510130323,0.0008548211812075037,0.0967134126961893,0.0002945305928293481
RichterCarolineANDRichterEmmaANDJeanPaul,0.4541855886202989,0.0005379366084145208,0.0027116958960534533,0.002886179780726505,0.0008822863956832172,0.3796350858803368,0.0019512141019933321,0.001317391367917025,0.0054655133456996356,0.0018648708089602914,0.013216807562158856,0.003050414179284679,0.0014233922894950107,0.0013027150648806465,0.0008274314868688429,0.003331108055467654,0.001990738156535508,0.0016812716155734484,0.12115907280369685,0.0005792859799549112
RichterEmma,0.1673847169349134,0.029644317510881646,0.02496632211081042,0.10277748472273315,0.0017377472974185908,0.34346011669804744,0.010473672129094422,0.008466858543294247,0.004966296904635783,0.012693634136253846,0.0952310405230288,0.019209017706624733,0.0014989449704416618,0.0026008038734783054,0.006651750117321839,0.002361714962722564,0.004649877999496899,0.001894288685044439,0.11833534648570956,0.04099604768804824
RichterEmmaANDJeanPaul,0.19470057669580748,7.950190090220082e-05,0.01570991613766558,0.1739302877388724,0.00013039351570383597,0.2704345922575699,0.00028837083728667687,0.00019469788139209104,0.0008077507527701834,0.1278518879823983,0.0019533181207859363,0.0004508221266199521,0.00021036380676510663,0.0001925288637581216,0.01032838871211883,0.005595357119210464,0.0002942121156423674,0.00024847591199445745,0.1965129445790323,8.561294370380776e-05
RichterEmmaANDJeanPaulANDRichterOdilieMinna,0.14099198610008346,7.050689382456176e-05,0.0003554196751752056,0.09089191937550584,0.00011564052762022936,0.5204293251583446,0.0002557439731118286,0.00017266936633460132,0.0007163601865612826,0.0002444270311169599,0.0062579972404110855,0.00039981519252549336,0.00018656281698677487,0.00017074575577577937,0.15850730367176485,0.00043660550018566167,0.0002609243573309559,0.00022036284096534585,0.07923975781558494,7.59265207904665e-05
RichterEmmaANDRichterCaroline,0.0073353583817185155,0.0007432442088227928,0.0037466352713388953,0.0039877122584552225,0.0012190177129744214,0.0951608940281526,0.002695909813154785,0.0018201838090984906,0.007551468107752763,0.0025766129452456845,0.01826110275084728,0.004214627965080262,0.001966640789085262,0.0017999061833186309,0.0011432270107540415,0.0523096520706392,0.0027505185238990678,0.0023229417224755943,0.7875939715644978,0.0008003748826886908
RichterMax,0.07530335753552013,0.00037686734103027246,0.007454166156408007,0.031978947449518604,0.017843218189425254,0.3328290614237127,0.0039209133088945695,0.003363265942127336,0.01044200606777808,0.24685171085644153,0.08352204019875539,0.014504586081322358,0.0008625931862118022,0.0015498159401992491,0.0064311383387482095,0.006930460390578442,0.005954267712770734,0.010816990169651909,0.1330284797086336,0.006036114002271831
RichterOdilieMinna,0.06513770398225727,0.0016589422792418719,0.007058427444179825,0.33345037966458185,0.0003527125753226041,0.43240648359954026,0.0021358951141044265,0.0013106162627251458,0.00814112875582853,0.03555732669241844,0.02226170863801734,0.0012194673365023675,0.001352992364430067,0.002823414791064229,0.00033078316980114414,0.0013316806273682153,0.01704086237362312,0.004246391255815168,0.061951501297874925,0.0002315817753031934
RichterOdilieMinnaANDRichterEmma,0.00256428983029246,0.0002598228289510707,0.0013097463306023967,0.2015234519994437,0.00042614342226512296,0.483557501473637,0.0009424344057255007,0.0006362986766354508,0.002639837328295834,0.16767525579384254,0.006383704467749925,0.0014733469132546392,0.0006874970128055559,0.0006292100373537817,0.0003996485576898883,0.0016089217669424244,0.0009615244834449404,0.0008120524622425732,0.12522951767592072,0.0002797945329045121
SchillerCharlottevon,0.00582820223453588,7.869869398610282e-05,0.000396713891876337,0.0004222404197805498,0.00012907615130827903,0.19192996866037912,0.00028545742957841887,0.00019273085062793195,0.0007995900549284238,0.015427310754531732,0.2393538506300233,0.0004462674751471957,0.00020823850331232145,0.0001905837465576002,0.00012105102415595212,0.0004873322421103595,0.0002912396935568317,0.010348955641590142,0.5329777439050306,8.474799698291114e-05
SchlabrendorffAmanda,0.08589419897897638,0.00018574367526128847,0.0009363191759869924,0.003798600713605243,0.0003046439212423984,0.23653808593427839,0.1590310375460278,0.0004548809480648822,0.006940658650172078,0.004710884874020003,0.05500023488439112,0.0010532749247154395,0.000491481916370439,0.0004498133798373545,0.00028570311630381093,0.005217160689257712,0.005740856472282855,0.0005805248501482479,0.432185874184368,0.00020002116468944498
SchlabrendorffAmandaANDMützschefahlAntonievon,0.0027475803966323154,0.00027839447124512203,0.10862051534187933,0.0014936639027819474,0.0004566033446523167,0.05351361958517645,0.05461837324262252,0.0006817800974265282,0.0028285278862945967,0.0009651132023364801,0.09618762523040228,0.037317709229190726,0.00073663799341761,0.0006741847756734911,0.1076453655088404,0.01959344957734344,0.0010302524271579797,0.0008700964297940645,0.5094407136424705,0.000299793714661987
SchlichtegrollAlfred,0.003805575783569454,0.00011168951240658192,0.0032662877143150885,0.0005992453523049302,0.026978183186611798,0.26886267983590734,0.0048709553291996196,0.00027352442133462483,0.04579311114741726,0.16974238985527595,0.10381459468382787,0.006039884081021394,0.00029553294624351257,0.0002704772423465734,0.0001717961147701275,0.0006916239361090796,0.00041332857915722177,0.005755614776861731,0.003648439969677812,0.354595065531642
SchmidtLudwigFriedrich,0.021967344701091265,0.00023756018325589114,0.006634597962929222,0.00671165243918117,0.0003896297715458233,0.3941302174895718,0.0008616829053653648,0.0005817780940852765,0.2756999557822115,0.006260628391554524,0.14507516592048997,0.0013471047333496109,0.0006285895546950651,0.0005752968374013019,0.0003654050915619946,0.0014710629983603661,0.049936070636325505,0.04423907954918578,0.042631356325066906,0.0002558206327716857
SchragJohannLeonhard,0.003268041987118092,0.0003311294628996985,0.0016691974324892567,0.0017766018257071266,0.0005430956282885477,0.11549257948567855,0.0012010792117302736,0.0008109265836596826,0.4655508322675333,0.0011479301830161124,0.08601663893498458,0.0018776970985209765,0.2846567200290051,0.0008018925148386133,0.005077967979861503,0.002050479562115797,0.0012254084333289724,0.0010349148177406634,0.025110284294339803,0.00035658226714324034
SchwendlerAugusteSophieHenriette,0.03917145134468972,0.0010435415844661348,0.009301000106753495,0.002104252993444936,0.0009317476935010651,0.23904979853182548,0.21510671135932885,0.004971389817038413,0.007379202871532182,0.0031291044555682634,0.11288437690182213,0.012880552416418065,0.00214966202608938,0.0006331705466982682,0.0014933193365548117,0.007782143994846873,0.0010191063075949544,0.040199124101500276,0.29864552202678,0.00012482158354669857
SchwendlerAugusteSophieHenrietteANDSchwendlerFriedrichChristianAugust,0.0010322009312138526,0.00010458621440748976,0.0005272108348015919,0.000561134179462689,0.02031100816233012,0.20807221595536946,0.20848724575954752,0.0002561286477037375,0.014488926381820491,0.00036257018990218463,0.08312751831852183,0.0005930648080014597,0.00027673746096934065,0.0002532752650707986,0.00016087012026980109,0.0006476376135293567,0.000387041455093082,0.00032687463710983397,0.4599111276611472,0.00011262540372811288
SchwendlerFriedrichChristianAugust,0.009616656470276349,6.956244145878103e-05,0.00035065876549877743,0.0003732218794850948,0.00011409150221339724,0.21429911520311384,0.1565293903987323,0.16091248779568412,0.0007067644146268045,0.00024115288762152246,0.05082476230202993,0.00039445959700889946,0.0001840637749170972,0.00016845858605035204,0.00010699802442542283,0.0004307570919634917,0.0002574292292207285,0.00021741104157112288,0.4041276491225431,7.490947155887666e-05
SchwendlerFriedrichChristianAugustANDSchwendlerAugusteSophieHenriette,0.00032236979982190486,3.2663637459641166e-05,0.00016465481297237532,0.000175249515512342,5.357263758104961e-05,0.27464432586306425,0.14478433479041675,0.1153933562791414,0.08209952534104151,0.00011323539439429317,0.2209462225083356,0.00018522186684332383,8.64287147958652e-05,7.910116531739233e-05,5.0241834608418105e-05,0.0002022656650629778,0.00012087808936038007,0.09235277838036383,0.068158399322876,3.5174381030635624e-05
SchützeStephan,0.0008993730088057457,9.112762397981118e-05,0.00045936714493455516,0.0004889250920686722,0.00014946122210438654,0.2924329456432475,0.00033053988557242336,0.00022316894468963814,0.09451435866649158,0.0003159131451394123,0.18941593355220407,0.029763149533610325,0.00024112572987951806,0.00022068274723887403,0.0001401686820063697,0.0005642969033274336,0.10562428535204443,0.0002848110450104313,0.2837422337807674,9.813229687731108e-05
SpazierJohannKarlGottlieb,0.008807202485694792,0.0015331175132013417,0.00424496230294113,0.007127122528922503,0.0011031241930968766,0.21090026087310085,0.0012395015027397616,0.00326330109150688,0.2646523030205726,0.004100568234729522,0.19312329103113285,0.011925515802792878,0.004555222431555929,0.003574612276989531,0.013338902464651912,0.012051444500997337,0.22566918404158398,0.004734359644871259,0.02114559227216153,0.002910411786756643
SpazierJohannKarlGottliebANDLeipzigerAugustWilhelmvon,0.005309099973502111,0.0005379366084145208,0.0027116958960534533,0.03741514044586471,0.0008822863956832172,0.31057716455006035,0.0019512141019933321,0.001317391367917025,0.03999447401083785,0.0018648708089602914,0.1168036895575735,0.003050414179284679,0.0014233922894950107,0.0013027150648806465,0.0008274314868688429,0.003331108055467654,0.2782224234776412,0.0016812716155734484,0.19021699413397328,0.0005792859799549112
SpazierRichardOtto,0.0321176923287331,0.0001069010187499383,0.00584361365300453,0.01601911273762416,0.0001753316525635461,0.2270839971604185,0.0024043031805361602,0.006595080200077441,0.11053609585859003,0.026463933847872913,0.2349528408881897,0.013704104430417129,0.0018079744402895517,0.007942110830418079,0.0846729113377172,0.004324190248081455,0.0027329040618105063,0.03522716544418746,0.18717461854145073,0.00011511813926784752
StainleinJohannGottliebEduardvon,0.0016363977016871124,0.0001658055478435854,0.0008358126526385862,0.0008895929599007369,0.00027194278452689403,0.02122882893714564,0.0006014130997603264,0.00040605304429025817,0.36353611098472377,0.000574799932372152,0.174356811535604,0.03286828789160992,0.3516475366886259,0.0004015294397851896,0.0002550351265136497,0.0010267310077498825,0.0006135954041691677,0.0005182100584595587,0.04798695474188487,0.00017855046070878192
SteinAnnaChristianeCharlottevon,0.0010391770909004006,0.0001052930633461554,0.0005307740043946757,0.0005649266209565253,0.03396533822852843,0.08782496021315356,0.00038192104205107634,0.0002578597005372005,0.0010697926743155547,0.00036502063096055987,0.0025869928428518024,0.0005970730535668121,0.00027860779906010524,0.00025498703323565476,0.00016195736560533527,0.0006520146909707445,0.00038965728590120566,0.00032908382874782165,0.8685311762451573,0.00011338658575906232
ThieriotPaulEmile,0.4379159158434955,0.00014167986660099373,0.0007141970016646755,0.0007601519582856085,0.0002323735118394213,0.30915165869750805,0.0005139039607197901,0.0003469699409711088,0.001439487831116297,0.0004911631655267157,0.0034809966509189985,0.0008034074410228723,0.0003748880937679877,0.00034310454749562403,0.00021792601739182004,0.0008773356145497332,0.009618430827031873,0.0004428074507078917,0.013722219449367213,0.21841138213001776
ThieriotPaulEmileANDJeanPaulANDRichterCaroline,0.23191770762267233,8.879122250820182e-05,0.0459283998174076,0.08335190905095094,0.00014562921810798494,0.3331439797421182,0.017371278747362703,0.00021744716431154008,0.012268273931959244,0.0003078135162347018,0.022169746430805708,0.05194347555660814,0.0002349435593638225,0.00021502470994030543,0.002978110511194458,0.0005498290168866447,0.000328589041622363,0.00027750883613422494,0.13931039537643802,0.0572511469273729
ThümmelMoritzAugustvon,0.014888795997032852,0.00017469992711085836,0.0008806485150426961,0.000937313782766793,0.00028653072984017295,0.43433489708816025,0.013798291265019658,0.0004278351247183231,0.0017749763971843043,0.0006056341756638403,0.08156574400082064,0.1533497817672188,0.16939555126054168,0.00042306885852523194,0.00026871608695913033,0.001081808386686634,0.007228818919978199,0.04685894495821578,0.07152981423762247,0.0001881285208915954
TiedgeChristophAugust,0.0012504586016723735,0.00012670084618931755,0.0006386889445035174,0.0006797853404146125,0.0002078059592260484,0.4228544274042947,0.000459571767290064,0.0003102867484136148,0.09887906259858001,0.0004392352292687877,0.027510911273722183,0.02511640860527568,0.2605799566581349,0.00030683002138564647,0.0001948859176157488,0.03331516774706782,0.00046888091464496526,0.0410592267981522,0.08546526871153022,0.00013643991261761855
TruchsessvonWetzhausenChristianFreiherr,0.01639669654601016,0.0464911889712698,0.012954428612937193,0.0016216505077175922,0.1998661790991044,0.3020321840638158,0.012766824131894105,0.0021107351505549377,0.004447307243679992,0.0014562153183215875,0.15068172910585112,0.10212528330651582,0.00018617814192826236,0.005146959193672347,0.017903295019320548,0.011632977634754897,0.00026038635573961657,0.00021990847342249117,0.11065489224993252,0.0010449808735568146
UngernSternbergRosalievon,0.06660555689169234,4.5194371278759366e-05,0.012977104799398792,0.004872733884501842,7.412467996597008e-05,0.27509595223624767,0.05711555303258812,0.03896423295601908,0.0055000500914224,0.010574746182689046,0.03375524315136433,0.0002562784328415721,0.00011958531656055327,0.0008865177678516194,0.041491420879965,0.0026110739282873166,0.0001672504863173951,0.021899240680097992,0.4250048374834717,0.0019833027474386216
UtheSpazierWilhelmine,0.01745478304927481,0.003961292780948873,0.00805360669644047,0.00419423685703992,0.0017123067035217016,0.2498428832913738,0.003671390794534278,0.002907393778523537,0.273665630249517,0.0037826650025244496,0.15233298623064653,0.005298379473381803,0.006262965197502279,0.027278495753098,0.007372178703171481,0.015844235478283574,0.09948485224978713,0.006600016558289869,0.10041226197395464,0.009867439178185767
VoßErnestine,0.1539592821460275,5.9268279076174336e-05,0.006835543349631118,0.010636722281977616,0.0735864358378077,0.35332339592753537,0.05579015354802385,0.006139093541817661,0.0006021742435827449,0.03163241765260706,0.11845775370758885,0.008523486960931055,0.00015682519116389586,0.00014352932820401544,0.0025424552173515585,0.0003670117236420083,0.00021933369617078922,0.00018523757958832353,0.1759823071824026,0.00085757260487013
VoßGeorgANDSpazierJohannKarlGottlieb,0.0006225993708565992,6.308394937582731e-05,0.008416439463327078,0.0003384629644625101,0.00010346592786147106,0.004027702221928606,0.00022881932500250533,0.0001544907876910839,0.7173527283682634,0.00021869382723671408,0.13922338854066926,0.008456161034043381,0.012314578936085962,0.00015276969426987214,9.703308013084208e-05,0.10567033723743388,0.0002334543199384603,0.00019716310774321312,0.0020606948440249143,6.793299965456617e-05
VoßHeinrich,0.044240074709615815,0.010971764696816296,0.011699608428044109,0.007791799604014924,0.2179485447195155,0.3103305536841715,0.001110217077278296,0.015061763201367762,0.008664837789827368,0.02199134354331992,0.07186216670446262,0.03218426111602521,0.00916466092498212,0.002412569917097718,0.0006475302095297259,0.0010425064349393314,0.0068909689968667965,0.014976129778207984,0.17313206795693906,0.03787663050697792
VoßHeinrichANDTruchsessvonWetzhausenChristianFreiherr,0.029351496880554686,1.1678966102384731e-05,5.88727443988718e-05,6.266090706085351e-05,0.32761489116477344,0.2406327013883573,0.0007920091658571336,2.8601453942359857e-05,0.00011865997609772339,0.03527389629300238,0.18320081219363404,0.03604928223154821,3.090280534802006e-05,2.828282151803875e-05,0.0007676110883454155,7.232059959230187e-05,0.04052415791197081,3.650153921492042e-05,0.1053320831798711,1.2576688809895665e-05
WagnerJohannErnst,0.01960869821794182,0.014757216400027586,0.010838048910105487,0.006175056012051763,0.010461473461373329,0.18885261694986064,0.0034566102608988214,0.003048660425719002,0.09295064567124507,0.004337640486505416,0.07824328523232199,0.369495695496306,0.007304815424973672,0.004631141194485906,0.01084547346465071,0.018498531683407204,0.013208566110337478,0.007634917108542351,0.1332368884029813,0.002414019086264457
WagnerJulianeLouiseAntoinetteKaroline,0.029259811837466083,0.00010974328212111303,0.14143677647158812,0.0005888032845767019,0.0001799933362379983,0.4155690976853623,0.02153059835187513,0.007312936622348167,0.04338007831731418,0.0003804482537642313,0.05200558152167738,0.27534526845777924,0.0002903831774072124,0.00026576407824331616,0.00016880250512597074,0.0006795721380341567,0.0004061261786697235,0.007387171043378845,0.0035848645791984133,0.00011817887783166015
WagnerKarlLudwigFriedrichErnstANDWagnerLudwigAnton,0.03772080267482085,0.00030575775400379975,0.0015413006546669602,0.03348112175911677,0.0005014827072790205,0.38564319945439796,0.0039192644720815375,0.0007487919942565297,0.008012236113097653,0.0010599737982799017,0.015942942439144406,0.3208479760052197,0.0008090418512044381,0.02322216225187472,0.0004703037292120697,0.0018933682918246646,0.0011315155318132298,0.015678303100282724,0.12465716724335354,0.022413288174069478
WangenheimKarlAugustFreiherrvon,0.005962993748666694,0.3529137094804742,0.0005830943820813532,0.002824747833738099,0.00040595529886466717,0.027746711320983913,0.00018893324710329655,0.00012756110597609234,0.0010067992429270572,0.00018057275057876932,0.3013612014338361,0.014774733260383427,0.00013782502231885112,0.00012614002072188968,8.011899740266097e-05,0.00032254638828640596,0.07146069014339111,0.00016279510550297496,0.2195767797908741,5.6091425888367536e-05
WestphalenEngelChristine,0.0007767071949011284,7.869869398610282e-05,0.030705684129684843,0.0004222404197805498,0.00012907615130827903,0.04038511747133658,0.060903397905195424,0.00019273085062793195,0.08162351068908444,0.0002728256356274791,0.2696628208678318,0.0004462674751471957,0.10628963433564208,0.0001905837465576002,0.10115095181685096,0.0004873322421103595,0.0002912396935568317,0.18209978698917165,0.1238066456946158,8.474799698291114e-05
WilkenFriedrich,0.00256428983029246,0.0002598228289510707,0.0013097463306023967,0.0013940218675578412,0.00042614342226512296,0.09997609372085592,0.0009424344057255007,0.0006362986766354508,0.5196408651690009,0.0009007306839376936,0.2231905871106262,0.1348929670011785,0.0006874970128055559,0.0006292100373537817,0.0003996485576898883,0.0016089217669424244,0.0009615244834449404,0.0008120524622425732,0.008487350098987313,0.0002797945329045121
