0,unterhaltung-warten-achtung (0)
1,pferd-kutscher-halb (1)
2,heine-herr-lassen (2)
3,bild-gemälde-malen (3)
4,fühlen-kind-karoline (4)
5,sohn-wagner-müller (5)
6,jahr-krieg-bruder (6)
7,vater-mutter-schreiben (7)
8,wirtschaft-betrübnis-ungemein (8)
9,schöne-zeitschrift-schön (9)
10,vater-minna-berlin (10)
11,ewr-stadt-werk (11)
12,brockhaus-thilo-sprechen (12)
13,band-exemplar-messe (13)
14,emanuel-caroline-richter (14)
15,abdruck-aufsatz-honorar (15)
16,caroline-richter-frau (16)
17,uhr-zimmer-essen (17)
18,schicksal-minna-ludwig (18)
19,minchen-segen-bewundern (19)
20,nacht-herr-bein (20)
21,kind-erziehung-knabe (21)
22,richard-tante-mutter (22)
23,sagen-geben-lassen (23)
24,jeannette-orten-fräulein (24)
25,blatt-zeitung-lassen (25)
26,betragen-dolch-karo (26)
27,verweisen-beilegen-bürgschaft (27)
28,schlagen-anbetreffen-nachdenken (28)
29,mensch-bild-gott (29)
30,bad-neustadt-lähmung (30)
31,mensch-car-sehen (31)
32,stunden-weiler-st (32)
33,herr-kind-minna (33)
34,eduard-acht-küche (34)
35,berlin-richter-charlotte (35)
36,glauben-sagen-verhältnis (36)
37,voß-heinrich-gewaltig (37)
38,mutter-kind-alt (38)
39,amalie-werk-fahren (39)
40,wagner-paul-jean (40)
41,sieg-burschenschaft-landsmannschaft (41)
42,freund-schön-herrlich (42)
43,kleid-kaufen-schwarz (43)
44,zeitung-ew-blatt (44)
45,bier-coburg-herzog (45)
46,traube-urteil-levi (46)
47,rtl-spielen-verkaufen (47)
48,könig-königin-italienisch (48)
49,aufsatz-predigt-england (49)
50,versuchen-deutsch-plan (50)
51,weimar-müller-freund (51)
52,nachdenken-verschenken-besetzen (52)
53,reimer-werk-hochwohlgeboren (53)
54,ew-herr-brockhaus (54)
55,vater-mutter-max (55)
56,emanuel-antonie-henriette (56)
57,krankheit-gott-leiden (57)
58,wangenheim-coburg-koffer (58)
59,herzog-herzogin-liebenstein (59)
60,haus-wohnung-zimmer (60)
61,undine-rezension-fresenius (61)
62,graf-verlegenheit-böse (62)
63,brief-lieb-schreiben (63)
64,mannheim-assessor-fremd (64)
65,paul-jean-edel (65)
66,card-zins-gold (66)
67,gast-rindfleisch-portion (67)
68,freund-spazieren-falk (68)
69,bauer-schlechte-idealisieren (69)
70,gnädig-ewr-hochfreiherrlich (70)
71,treue-knabe-wacker (71)
72,majestät-märz-ew (72)
73,förster-licht-still (73)
74,herr-bitten-geben (74)
75,voss-paulus-universität (75)
76,schubert-bändchen-lafontaine (76)
77,lieb-sohn-freude (77)
78,werk-geschichte-arbeit (78)
79,leben-herz-liebe (79)
