0,pferd-fr-thilo (0)
1,liebe-leben-gott (1)
2,böttiger-streben-rtl (2)
3,truchseß-voß-fouqué (3)
4,anton-zeichnen-sitzen (4)
5,lassen-herrn-bitte (5)
6,undankbar-witz-gesetzt (6)
7,vater-minna-geliebter (7)
8,leipzig-dortigen-reiste (8)
9,jean-paul-schriften (9)
10,ew-wohlgeb-wohlgeboren (10)
11,zeitung-bitte-spaziere (11)
12,herzog-herzogin-liebenstein (12)
13,car-menschen-lieben (13)
14,bade-bad-neustadt (14)
15,natur-kunst-idee (15)
16,zeug-appell-friederique (16)
17,vernunft-traurig-erlaube (17)
18,minna-schicksal-hofrätin (18)
19,empfangen-richtete-delphine (19)
20,freund-ewig-jewagner (20)
21,krieg-feld-preußen (21)
22,vater-emma-mutter (22)
23,könitz-müller-wagners (23)
24,häuslichkeit-talente-reinlichkeit (24)
25,brief-sagen-schreiben (25)
26,ewr-exzellenz-gnädige (26)
27,schubert-einfachen-chezi (27)
28,glas-datiert-programme (28)
29,obgleich-ottilie-härtel (29)
30,majestät-jean-werke (30)
31,kettlich-verletzt-frl (31)
32,gewöhnen-einzudringen-unterbricht (32)
33,onkel-see-vorzüglich (33)
34,fahren-natürlichkeit-bauern (34)
35,stets-fliegt-vorwand (35)
36,carové-ansichten-politische (36)
37,griesbach-evangelisten-akte (37)
38,zeitung-blatt-lassen (38)
39,gezwungen-einfalls-ehrenvolle (39)
40,zwölf-majestät-erde (40)
41,lebst-kühn-johannes (41)
42,reimer-werke-handlung (42)
43,türk-selber-eltern (43)
44,teils-urteile-traube (44)
45,freundin-liebe-frau (45)
46,minna-kinder-frau (46)
47,lieben-sohn-heidelberg (47)
48,gäste-rindfleisch-portion (48)
49,brockhaus-tillich-zuschicken (49)
50,empfindet-guste-lächeln (50)
51,thiersch-teuerster-philol (51)
52,uhr-hause-zimmer (52)
53,braunen-scheinen-verse (53)
54,julius-lasen-verändert (54)
55,emanuel-henriette-antonie (55)
56,moment-stehende-produkt (56)
57,wohlgeboren-ewr-jewagner (57)
58,bier-coburg-herzog (58)
59,augenblicke-versenden-ggl (59)
60,emanuel-caroline-richter (60)
61,besorgt-kontrakt-abgeschlossen (61)
62,burschenschaft-landsmannschaften-verruf (62)
63,wirtschaft-taler-antlitz (63)
64,kaiserin-blinde-unruhiger (64)
65,sch-münchen-augsburg (65)
66,geplagt-scheu-entschuldigt (66)
67,verzweifeln-sieg-siege (67)
68,älteste-verehrungswürdigster-liegen (68)
69,ergebenheit-großherzogs-muse (69)
70,ersetzen-baireuth-fürst (70)
71,schönen-süddeutschland-künste (71)
72,rth-gold-zinsen (72)
73,voss-universität-paulus (73)
74,erklären-ißt-teilnehmend (74)
75,falk-einert-mahlmann (75)
76,verhält-strebe-handlungen (76)
77,dämmrungen-luisens-luisen (77)
78,erheiterung-lichter-zuversicht (78)
79,gelesen-literarischen-getrieben (79)
80,könig-königin-königs (80)
81,richard-leipzig-tante (81)
82,straßen-berliner-einzelnen (82)
83,jeannette-stattgefunden-orten (83)
84,berlin-richter-charlotte (84)
85,rot-luther-gestimmt (85)
86,krankheit-vater-schmerzen (86)
87,entzückung-visite-verstimmt (87)
88,bl-georgius-maj (88)
89,spaziere-falk-freund (89)
90,tochter-praebende-vorschwebte (90)
91,ludwig-ordentlich-händedruck (91)
92,voß-schönheit-erschien (92)
93,förster-emma-jean (93)
94,messe-maler-msc (94)
95,vater-mutter-max (95)
96,rosaliens-stufe-männer (96)
97,heine-auguste-herrn (97)
98,mensch-religion-künstler (98)
99,rtl-ellen-gray (99)
