receiver_norm,0,1,2,3,4,5,6,7,8,9,10,11,12,13,14,15,16,17,18,19
AbekenBernhardRudolf,0.00034400964788062853,0.001643994485722514,0.000293505731648765,0.20556878024949055,0.05703122612898572,0.20718334711762038,0.032744167586427224,0.21325319930153716,0.0006794909674623824,0.002743429602205294,0.0011719931223402465,0.0011686056586502952,0.0013042406530579865,0.15207421807344487,0.0007255281318184995,0.0010657373134279455,0.0029187750357559223,0.0020278895852078515,0.0018074896397310583,0.1142503719675847
AbekenBernhardRudolfANDTruchsessvonWetzhausenChristianFreiherrANDVoßHeinrichANDVoßAbrahamSophus,0.0010315967477116839,0.0049299180275193324,0.0008801484495244994,0.06979924770897993,0.0021762999858014973,0.05143541721176194,0.007433191292744769,0.004184463899132897,0.002037619225077352,0.27416605253830395,0.0035145069354746467,0.003504348800238981,0.0039110833786698135,0.008576038827252688,0.0021756728794333447,0.003195873003040753,0.008752658109265241,0.006081121020026529,0.4043290137348236,0.13788572822521666
AbekenMinonaLaura,0.0001348760423674662,0.07887751826886244,0.00011507494554539253,0.0004333468855568837,0.12198025028327115,0.4935077603076062,0.0009718520593920335,0.009239648151983798,0.0002664083786032897,0.15754153086132985,0.00045950395576694334,0.0004581758311082923,0.035281557199543546,0.009813824299183649,0.00028445819368384904,0.026495496349242836,0.04460711925978759,0.0007950757291142804,0.01809376485000504,0.0006427581480454757
AhlefeldtJohannGeorgJacobvon,0.000967286871025572,0.004622586290456685,0.0008252798796303528,0.0031078221575999037,0.002040629158969852,0.2352493204067577,0.006969805171684316,0.0039236038703012325,0.001910593775076032,0.007713979686746802,0.2526559372539864,0.003285887235961659,0.003667265927374733,0.008041407440851623,0.0020400411464950178,0.002996641860459189,0.3822478039670459,0.06804215442284296,0.005082302222620442,0.004609651254113824
ArnimLudwigAchimvon,0.00019882206514025826,0.000950154685324315,0.00016963307877097464,0.5131896898648176,0.00041944340993860967,0.33025757448797394,0.0014326164236988725,0.0008064815595589503,0.00039271514106459547,0.0143993508361309,0.0006773591797481348,0.000675401378475487,0.0007537922894850007,0.0913492857020996,0.00041932254625475705,0.0006159481132526303,0.001686920363611993,0.0011720287430640704,0.0010446475123734073,0.03938881261921581
BarthKarl,0.0002461298409408338,0.001176234747401326,0.00020999561928275063,0.016653481871195808,0.0005192458880207407,0.012272034673566669,0.001773493561921724,0.03272374529186649,0.0004861578876423919,0.0019628516112358343,0.0008385302056570593,0.0008361065646215909,0.03265851912266116,0.6365535527050321,0.0005190962659993558,0.0007625069734374234,0.0020883066498819988,0.001450901578277764,0.0012932112232026205,0.2549758977181542
BentzelSternauChristianErnstGrafvon,0.0004558110728328693,0.0021782845187194445,0.00038889363495945515,0.001464487727748684,0.0009615982539056851,0.2283609343016041,0.003284355931941023,0.0018489055760645406,0.0009003221530773623,0.0036350305810509288,0.001552885059293518,0.0015483966867487025,0.031104425625706138,0.3563050821201429,0.35347708011677303,0.0014120966408482122,0.0038673624085896452,0.002686943616595711,0.002394914784791137,0.0021721891886067545
BergnerCaroline,0.0006196341837497204,0.002961182011974245,0.0005286659417155492,0.001990839433002912,0.0013072063946381572,0.3104361643671201,0.04439924410108048,0.002513420945074601,0.0012239070432552538,0.004941497346688284,0.002111007659801387,0.002104906120756084,0.00234921345215067,0.005151244253453011,0.0013068297197955726,0.001919618459441268,0.0851262464236761,0.003652658335619846,0.003255671387273025,0.5221008424197338
BertuchFriedrichJohannJustin,0.0007441097550745812,0.003556040772843184,0.0006348673051342251,0.40955755340113625,0.0015698053071568688,0.11275293191174544,0.005361697935298923,0.0978598274629346,0.0014697723174010291,0.005934172898748779,0.1894495785650412,0.0025277514040501045,0.0028211365549900315,0.14373050193705592,0.0015693529637707075,0.0023052421237438406,0.006313453678856668,0.0043864247176315305,0.003909688816596289,0.0035460901707898736
BodeAugustTheodorHeinrich,0.004927113295009168,0.013238920267378355,0.0004046227988718953,0.0307320091248621,0.0010004909875323891,0.12220000958433286,0.019665168217089354,0.5395399336311888,0.0009367365179492155,0.03586286092691807,0.03096762065908044,0.0034405999870914116,0.009116315327055747,0.13147968802018586,0.008713656540236507,0.00146921019974311,0.017835367837128847,0.014812118306225367,0.01139751237625027,0.002260045395870183
BoieHeinrich,0.3893764569849234,0.0006559658090315023,0.008963456263288821,0.018133704622610814,0.0002895744661295846,0.28992695247544914,0.000989046737250667,0.0005567770562584798,0.0002711218596363906,0.21340693642766773,0.06239205114341601,0.0004662821943581137,0.0005204015479279173,0.0011411119244177587,0.009135836356840366,0.0004252369731706138,0.0011646125606492748,0.0008091427580444761,0.0007212015697979447,0.0006541302691310324
BoieSaraHenriette,0.0001337137289960301,0.0006390071746218798,0.5171725694338208,0.00042961245747972615,0.00028208811937516514,0.17040215424958313,0.000963476986815308,0.06948351422955244,0.0002641125667209276,0.13033097012893602,0.10386724134801656,0.0004542274360811376,0.0005069476460994955,0.0011116108442086646,0.00028200683496713564,0.00041424335389020936,0.0011345039202704946,0.0007882240515662689,0.0007025564002030432,0.0006372190887955215
BornträgerJohannFriedrichWilhelm,0.0006995308366210998,0.018529574045318544,0.04167411331308183,0.002247541550595466,0.01428279845891805,0.49279270277118076,0.020511101657457845,0.005611489352381781,0.0021190488958400823,0.04119201976171139,0.006083534181311395,0.05888193701549666,0.0047866313592996625,0.059927645110026774,0.0014753344976512147,0.0025358018579770955,0.19097113745026031,0.004123638121358467,0.028220772533395704,0.0033336472301157653
BreitenbauchGeorgAugustvon,0.000967286871025572,0.004622586290456685,0.0008252798796303528,0.19012821601430485,0.002040629158969852,0.11056905783562104,0.19399019902838927,0.12860386644143787,0.001910593775076032,0.007713979686746802,0.0032954121117131164,0.003285887235961659,0.003667265927374733,0.3197420638686932,0.0020400411464950178,0.002996641860459189,0.00820701625363595,0.005702023137274646,0.005082302222620442,0.004609651254113824
BrentanoClemens,0.0004188943572650914,0.002001862499167617,0.00035739664736174137,0.0013458770135293234,0.0008837171945244787,0.1558715163396769,0.030015440252551106,0.028696248837402436,0.0008274039226404433,0.0033406248545581113,0.0014271149333351895,0.0014229900797623233,0.0015881503715015227,0.7594008980706307,0.0008834625491704613,0.0012977291470521095,0.003554139833393958,0.002469324653054447,0.002200947605868263,0.0019962608375537275
BrockhausFriedrichArnold,0.0008600549891524308,0.00411013373693335,0.00073379066664127,0.0027632939432004405,0.0018144082606240106,0.8188911953007231,0.061626347295188476,0.003488639394570207,0.001698788392274454,0.006858820185135851,0.002930087973785065,0.002921619010588643,0.003260718667713595,0.007149949819932043,0.0018138854342755796,0.00266443891671803,0.0072971995035049815,0.0050699059341889965,0.05994808991673245,0.004098632658117143
BöckhPhilippAugust,0.0004582421066431751,0.0021899022341043757,0.0003909677696866424,0.525507176465525,0.0009667268653118253,0.10852665881618595,0.018289573485037833,0.006854666803709771,0.0009051239530439481,0.05404841660603412,0.04152836909315597,0.0015566549431220216,0.0017373291362873335,0.17747043141326427,0.0009664483005103473,0.0014196279512571188,0.003887988692882292,0.0027012742267270807,0.002407687881281408,0.048186733256229394
BörneCarlLudwig,0.011933081659719963,0.0015113795016278493,0.0002698297045864311,0.02424976321226152,0.132151493340105,0.2989077330357198,0.0022788153654526465,0.00128284343211149,0.0006246789321270631,0.002522127233966878,0.027374312478603648,0.012691160545400442,0.009964652269333579,0.38598430763269576,0.0006670024478840689,0.0009797682070247548,0.0026833281967888417,0.08075488637946851,0.0016616861033409342,0.0015071503217806775
BöttigerCarlAugust,0.009934656981219155,0.0071935161795551325,0.0002902633604555074,0.03526483616072228,0.0011220896609230077,0.14607720917656175,0.00841498595449259,0.034727997693610894,0.0012983577757148315,0.009782740957843363,0.06605026408714139,0.0078007017336048515,0.0016942023057256019,0.5738728126700803,0.015473783532754528,0.008224354787711623,0.025415096373697803,0.006530865039125659,0.011713753152370422,0.02911751241668939
CalmbergJohannErhartWilhelm,0.0003829787672229821,0.006545380729154572,0.0003267538104592011,0.09553360186329231,0.024383727906928485,0.25013796418586837,0.14253016224670084,0.001553476035218058,0.005471619075430051,0.003054202966366234,0.04845631501343608,0.0013009843104022233,0.04138644134131953,0.003183841733703891,0.0008077153394426319,0.001186463126818459,0.0032494113809939007,0.002257607186867972,0.0020122405236515837,0.3662391124567227
CottavonCottendorfElisabeth,0.0002014027946770948,0.0009624877845668476,0.0001718349324560772,0.0006470924879155847,0.00042488782575984363,0.4124249269231261,0.014431308146033444,0.013797045991108215,0.0003978126213839623,0.0016061595722331196,0.1824074984933332,0.0006841681533574507,0.0007635765859349006,0.11849520066705067,0.00042476539325374463,0.0006239431790312119,0.0017088167522527273,0.0011872417889255205,0.2346999391570732,0.013939890750527177
CottavonCottendorfJohannFriedrichFreiherr,0.0002536330737385569,0.010243771829827202,0.00021639730553077964,0.10072380686161995,0.08596914148077801,0.12203570366477118,0.018479041974229265,0.0010288113480769968,0.0005009783409181368,0.0020226888602674488,0.32085983917958444,0.007433446418866783,0.007533448034374007,0.17863830399843322,0.012577160488122985,0.0007857518888435304,0.00821872115914801,0.0014951321041936317,0.036518103019683945,0.08446611896899198
DobeneckFranziska,0.00027760745644310827,0.13736412831517297,0.3098982190501178,0.0008919325073998993,0.09917560315366203,0.2566945089005446,0.002000306158982439,0.0011260585904260287,0.0005483327584427341,0.11575386237890016,0.0009457700726306093,0.02053511707111237,0.005616135570913279,0.020562431488985088,0.0005854836353948532,0.0008600242075766026,0.01594943964265021,0.0016364577946150153,0.008255629805174221,0.0013229514408559483
EhrenbergCarolineAugusteEleonorevon,0.001716206749614672,0.1188084644989221,0.0014642511360059092,0.005514047097341384,0.00362058210546309,0.3067837746268138,0.012366162549545905,0.006961446130128652,0.0033898670919421344,0.013686512658596129,0.005846878189184553,0.005829978697892419,0.006506639059950642,0.3460880014053373,0.0036195388255340494,0.005316785682871081,0.01456128177750794,0.01011680287180396,0.11962411454992335,0.008178664295621084
EichstädtHeinrichKarlAbraham,0.00035231416122270294,0.0016836810881916307,0.00030059106277092665,0.7504332133774034,0.0007432568062738094,0.017566385229789767,0.0025386068357819147,0.001429091253011315,0.0006958941173155177,0.0028096569533127874,0.0012002854466435216,0.0011968162083940994,0.0013357254790543616,0.16187160588903673,0.04615523982748576,0.0010914645853025416,0.0029892352870200373,0.002076843549785193,0.0018511230724597137,0.0016789697697440966
EinsiedelDetlevGrafvon,0.0006454082104484513,0.0030843540160986217,0.0005506560940567732,0.002073649500692509,0.0013615803678625974,0.15696671529508,0.004650501953222736,0.0026179680798880463,0.001274816133871802,0.005147041662811254,0.29336768908878313,0.0021924608554325714,0.0024469302854446913,0.5045121523609175,0.0013611880250215325,0.001999466051331065,0.0054760131994394615,0.003804592680000099,0.003391092839895402,0.003075723299701861
EndeHenrietteFreifrauvon,0.0006196341837497204,0.4023057562128818,0.0005286659417155492,0.001990839433002912,0.0013072063946381572,0.4701739940474832,0.004464786680989715,0.002513420945074601,0.0012239070432552538,0.004941497346688284,0.002111007659801387,0.002104906120756084,0.08221812829233219,0.005151244253453011,0.0013068297197955726,0.001919618459441268,0.0052573315834945926,0.003652658335619846,0.003255671387273025,0.002952895958553936
EnslinTheodorChristianFriedrich,0.039491909475007324,0.01597254854450924,0.0017951664296034693,0.004596608641884811,0.01237937547254342,0.18842488508616725,0.06483687908172837,0.10920330080825182,0.0004993518525934448,0.01036333973793194,0.04258351162122142,0.01751179864373205,0.0009584748253011114,0.4519374741272966,0.009522530253518943,0.0007832008478724448,0.022513784201552103,0.00149027797236253,0.003930806184525766,0.0012047761923959126
FalkElisabethCharlotteKaroline,0.00018245638337498793,0.0008719444062145557,0.00015567003607714497,0.0005862190504530675,0.0003849176777933742,0.5735306939621194,0.0013146931717428294,0.20064359971667056,0.000360389498442724,0.07200924181069639,0.0006216035735043188,0.0006198069251327098,0.0006917452288726715,0.10734809214373996,0.0003848067627869257,0.01232427699238466,0.0015480645388585765,0.0010755552987549333,0.0009586592256491752,0.02438756359673096
FalkJohannesDaniel,0.0050577353981513615,0.006946512259159291,0.00885249361379262,0.007960942475702466,0.007388016155884312,0.26418646003941837,0.020638695061398628,0.3800729551409645,0.009249601839668286,0.021546154194740732,0.00965130741593413,0.00565388282243524,0.00110425225290407,0.14775559150991832,0.03217075280576813,0.0011681414185521037,0.03314625574797143,0.005767204066640627,0.013482687803428815,0.01820035797756648
FalkensteinKonstantinKarlvon,0.00020240842772731586,0.0009672936241687575,0.00017269292892796028,0.02853421150786532,0.05813599154082103,0.45427404123613724,0.04760664771913229,0.0008210289152073975,0.05506148261996716,0.0016141793574220803,0.3011737234590639,0.0006875843031086403,0.0007673892333831263,0.003010499040691575,0.001754690498011257,0.0006270586168447724,0.001717349119470332,0.003848778237928926,0.038058362695115984,0.0009645869190048816
FichteJohannGottlieb,6.013105333211972e-05,0.0002873614757833593,5.13032378940106e-05,0.00019319668807997564,0.07375855575022701,0.5184200397327293,0.12831991366118595,0.00024390947571639,0.00011877140032233059,0.0004795368756063652,0.00020485815260847884,0.0002042660420061862,0.0002279743162731356,0.02375200733337244,0.0001268184513344517,0.00018628520341383835,0.0005101863230312676,0.0003544642935191642,0.04294481893634896,0.2095556015972152
FischerMaximilianDavidBenjaminvon,6.384222010503237e-05,0.000305096843811125,5.446956978517978e-05,0.00020512039620926918,0.00013468423879419756,0.6368210374438882,0.008689079582738799,0.00025896307434333587,0.00012610173049323238,0.0046236645052516855,0.0002175015826997783,0.00021687292823085856,0.0002420444291473835,0.0005307435872139757,0.00013464542918872554,0.21826795637121046,0.09929043203706207,0.0003763411114925091,0.0003354387068159138,0.029105964211518117
FouquéFriedrichFreiherrdelaMotte,0.34882781188395645,0.003421990234008057,5.745281314019412e-05,0.08921384514689734,0.029814087129724522,0.28162926384516074,0.00048521104662298877,0.02127028838434571,0.002415471761993492,0.02666275786051532,0.00022941392483600645,0.00022875083959639396,0.07699175592071557,0.011973127470649597,0.06025443088901128,0.0002086146883093276,0.010210515698485594,0.0003969529342865311,0.00035381034619308855,0.03535444718155174
FranzIII,0.00023929117407426687,0.0011435533075417367,0.00020416093431231523,0.0007688250871405052,0.0005048187481159043,0.116811515294172,0.001724217409084575,0.0009706363281156308,0.00047265009100370893,0.001908314184053355,0.8120272463041343,0.02856956266052424,0.0009072224545688632,0.001989314530539162,0.019009131379548006,0.006911035051352436,0.0020302834803256824,0.001410588577171966,0.0012572796160891454,0.0011403533881322084
FrauenholzJohannFriedrich,0.0003394188489880165,0.06140254210591158,0.00028958890607096616,0.42583897582489083,0.0007160523119832774,0.0895374737175002,0.03019974246871702,0.0013767840228520619,0.03698565781937964,0.002706818612782888,0.001156352907708663,0.026787293924499217,0.0012868355989188195,0.2515474872505596,0.013532987617128308,0.0010515150795213021,0.0028798240665476936,0.029754880523645055,0.014583681023235926,0.008026087369158967
FriedrichAugustI,0.0001157576815247552,0.0005531966654980455,9.876334346784808e-05,0.01529272531012824,0.0002442072846948795,0.2818065583613266,0.0008340943225022798,0.0004695476604226745,0.00022864561937446592,0.0009231515805855076,0.6345285540969833,0.000393230487852504,0.0004388710464327264,0.015883140016562082,0.0002441369157455708,0.0003586157576593573,0.0382841653296968,0.000682375620038757,0.008068614202723494,0.0005516486967802437
FroriepLudwigFriedrichseit1810von,0.000267332930827197,0.0012775626115127292,0.0691448488667629,0.0008589212060740567,0.0005639768202585543,0.0477876022918744,0.019155463599871702,0.0010843820519764206,0.0005280384225309836,0.0193611340789382,0.0009107661899449264,0.0009081337620409867,0.0010135369122175213,0.725848447082822,0.103938958770776,0.0008281938638809879,0.0022682058178921964,0.0015758908784897804,0.001404616137384523,0.0012739877039238078
FörsterErnstJoachim,0.0010462096676560437,0.013805443710335414,0.06354768311993805,0.0033613953461286298,0.03420419654163421,0.4981665569383106,0.009999797947221353,0.0042437382581338645,0.007257415428824482,0.1006521544096763,0.028352415312078744,0.016531320677099108,0.03836406456179325,0.016081460233786586,0.009709086833529432,0.010743738440011879,0.008876642498063247,0.08952222742178395,0.005496977038071197,0.0400374756159237
FörsterLuise,0.0007742255750520214,0.00369996185843176,0.0006605618338520598,0.002487530296545902,0.0016333389105098154,0.2381934163146682,0.005578698087079882,0.003140489707608157,0.0015292573573656488,0.00617434241878929,0.002637679072930406,0.002630055272146102,0.0029353143897011768,0.3557198402672602,0.051530499912931,0.00239854053346046,0.006568973557653714,0.3039497432556072,0.004067922845602702,0.003689608532804325
FüssliJohannHansHeinrich,0.0001566651599541292,0.0007486902203359026,0.00013366521165756172,0.0005033537309496925,0.10129876133215544,0.22994148398156986,0.021322504769482938,0.01073230597697,0.00030944644070511417,0.0012493830917251658,0.000533736455090024,0.0005321937729469662,0.0005939631978022595,0.6172087632640962,0.00033041218908490483,0.0004853465817191546,0.0013292370160661708,0.011020344972713307,0.0008231474183019366,0.0007465952166732164
GablerGeorgAndreas,0.0009105246451106301,0.00435132417040742,0.0007768508929730987,0.0029254492662712816,0.0019208811743753173,0.4561720218199708,0.12392459238408644,0.0036933593627430468,0.0017984765131332913,0.007261308746203432,0.17914771396060453,0.0030930651485276306,0.003452063815886225,0.0075695224194538184,0.0019203276675863745,0.002820793239574661,0.007725412993392619,0.0053674176182862115,0.00478406310083589,0.1803848310605773
GoetheJohannWolfgangvon,0.0005323135900715859,0.002543883906001698,0.0004541648488148098,0.6525204887743906,0.0011229911892263092,0.1332705594036497,0.02390599578371402,0.002159222589265974,0.0010514306169594019,0.029814104763557742,0.00181351851709876,0.0018082768241138563,0.0020181556785509596,0.004425316410559372,0.0011226675964630232,0.0016491004216862323,0.07110505685492359,0.0031379154393522944,0.0027968730094346194,0.06274796378216543
GoldschmidtCaroline,0.0005199816500117638,0.009546735252461613,0.003344299007126642,0.0047546230716009425,0.005781226661899229,0.3591610001400486,0.009634438617602511,0.006750028365570213,0.00554926737105573,0.01622200021796556,0.003903239119302321,0.4796676648419072,0.005332467088179657,0.011475726014327649,0.0053769721275566985,0.00558288407115199,0.033564939647335056,0.014872607053102048,0.01213039059499423,0.006829509086800449
GöschenGeorgJoachim,0.0004003155623303521,0.0019130759299180265,0.0003415453977410761,0.5128694022252355,0.013120823087773457,0.23809525968775147,0.03146639157845569,0.005336313436626021,0.003386675949787037,0.006418973035063476,0.002986308048765651,0.009727951814848873,0.007521882939057667,0.06195934374054017,0.008869791355496296,0.0028012920519912537,0.014012230084208918,0.015083265788730505,0.02583850328981306,0.03785065499586543
HaugFriedrich,0.00022153127559275087,0.001058680178690608,0.0001890083592902509,0.0007117638288200442,0.00046735171761304973,0.3251471499664763,0.0015962481002963589,0.17222674225425555,0.00043757057891564527,0.001766681437627421,0.0007547263077576781,0.0007525448888443359,0.0008398895127851674,0.0018416700373945247,0.0004672170490286657,0.0006863009451770053,0.0018795983217995587,0.015583241864318491,0.0011639658596123074,0.4722081175157042
HeimAntonChristoph,0.0007277049709629812,0.0034776436267599537,0.0006208709006935974,0.002338062989066,0.09663393413956572,0.3289175043998062,0.0052434929305931665,0.0029517882709195944,0.03644947853111089,0.19836994700696273,0.002479189831784507,0.0024720241194816084,0.0027589412460072653,0.006049675999470615,0.20793844876185485,0.03791644671695985,0.0061742660873838895,0.021795775316185862,0.015710837211053204,0.020973966943377595
HeimJohanna,0.017509141853895547,0.001396029762036144,0.00024923607729121624,0.011646577227778931,0.0006162738476255152,0.556040620502436,0.0021048942829585272,0.0011849357552694982,0.0005770029168895455,0.1418488650908592,0.012894170305524135,0.004666597666975824,0.0011075212139329083,0.005997856547443486,0.004185432628586868,0.12236686685740351,0.006047870720673674,0.031116050008443086,0.005209118374814393,0.07323493835916199
HempelFriedrichFerdinand,0.0002500970516013457,0.001195193728609447,0.00021338040536271079,0.0008035435833973187,0.0005276152828674143,0.9312166556564946,0.001802079378815404,0.0010144681882982203,0.0004939939580155512,0.00199448957032008,0.0008520459417349273,0.0008495832355681591,0.0009481906798776843,0.0020791477191764197,0.0005274632491836486,0.0007747973392954293,0.050477062309958916,0.0014742877397716106,0.0013140556739663794,0.0011918493076846846
HerderCarolinevon,0.000337595699833208,0.02337085944198033,0.000288033412700697,0.001084670357553475,0.0007122061196716737,0.5272649109598584,0.11337506671686073,0.0013693887864498979,0.0006668220792761194,0.11704069840320765,0.05662139871818916,0.024016501216867357,0.007814118890320841,0.0028065557943115094,0.08892363852879243,0.0195362859965565,0.002864355424106126,0.008524275623388573,0.0017737895830119838,0.0016088282470634709
HerderCarolinevonANDHerderJohannGottfriedseit1801von,9.23362520063747e-05,0.00044126753440193976,7.878040447353931e-05,0.083609655095508,0.00019479644965553897,0.2961993349133232,0.0006653307369773685,0.0241782534905324,0.00018238339998369248,0.4351540787668917,0.041971069521113916,0.00031366755920360736,0.0003500735934577909,0.00671855236652677,0.0001947403185638376,0.0002860564805421577,0.0007834336883045612,0.1076610050954588,0.00048515156450214356,0.0004400327685726468
HerderSusanneSophievon,0.000267332930827197,0.0701943255860931,0.0002280858921825125,0.0008589212060740567,0.0005639768202585543,0.16839193749739007,0.2603641340109031,0.0010843820519764206,0.17281994585898194,0.05381951556622839,0.0009107661899449264,0.0009081337620409867,0.0010135369122175213,0.2606602970044045,0.0005638143089054401,0.0008281938638809879,0.0022682058178921964,0.0015758908784897804,0.001404616137384523,0.0012739877039238078
HärtelGottfriedChristoph,0.0004558110728328693,0.0021782845187194445,0.00038889363495945515,0.001464487727748684,0.08909053799136729,0.022726741580860358,0.003284355931941023,0.0018489055760645406,0.0009003221530773623,0.3561507895308973,0.001552885059293518,0.0015483966867487025,0.001728112379885608,0.4738103351034251,0.03033763441274715,0.0014120966408482122,0.0038673624085896452,0.002686943616595711,0.002394914784791137,0.0021721891886067545
IndustrieComptoir,0.0024326855456309046,0.0020756064699102537,0.014359082954479449,0.010475075727672053,0.0009162712860092215,0.06526376557823765,0.0031295408672474337,0.0017617535004971385,0.015266427321745327,0.013455486184715695,0.037021524980473945,0.0014754097333862298,0.019805893601149108,0.7072436220837057,0.005674812653989499,0.0013455344784831492,0.018078373282282307,0.03252568268581879,0.041500745965019584,0.006192705099546512
JungFranzWilhelm,0.00015951000840843703,0.007493363098079343,0.00013609240906948202,0.0030956517184051826,0.023415263201457582,0.6008921808232592,0.05924380693624445,0.0015080727052495676,0.07755938407190334,0.019354916502828994,0.10515560845372089,0.002709469167345234,0.03689560765161762,0.01234087023918219,0.01133068208780159,0.016604574334684527,0.006474612464527306,0.0032646191633297415,0.006969745915631019,0.005395969047254131
KeßlerGeorgWilhelm,0.0005342881536601239,0.002553320186848075,0.00045584952752748917,0.6559633659828079,0.0011271568118101645,0.026639609087339887,0.0038498241298382603,0.002167232007743792,0.0010553307928159732,0.004260874501308815,0.0018202455811786398,0.0018149844446621352,0.0020256418235474307,0.21104596444996165,0.0011268320187121509,0.001655217593419658,0.07340128453612474,0.0031495552202747065,0.002807247727850979,0.002546175422567519
KindJohannFriedrich,0.00027628073624305085,0.01156499907838356,0.00023572007393122396,0.0034490775956449323,0.001553340668395522,0.16841805120542624,0.028995519034747723,0.15376850417996502,0.0005457122087057056,0.02523834143349233,0.017855052876257344,0.0009385295840939105,0.0020179478262477004,0.46838744332410415,0.0005826855370446361,0.0008559140460436607,0.044560007048498794,0.005972588305628796,0.04327883657050295,0.021505448666642703
KönitzLouiseHenriette,0.00026280501312763485,0.0012559240563857267,0.000224222716235434,0.05165649385129741,0.0005544245342057666,0.4534751699389713,0.03576839386305637,0.001066015468140158,0.0005190948385436732,0.2392190628824074,0.0008953402028102547,0.0008927523613209489,0.0009963702589743568,0.0021847936236506628,0.0005542647753681389,0.0008141664350740241,0.002229788368768718,0.0015491994260779381,0.0013808256292347242,0.2045008917563493
LevinRahel,0.01808456867046089,0.0678890336631599,0.22073955450276106,0.00022452009136607445,0.00014742228544055902,0.3637779973965171,0.14011735882677429,0.00028345505462405084,0.0001380280682710637,0.18070416961636152,0.00023807225474642147,0.0002373841439519417,0.00026493629278766056,0.0005809397841239893,0.00014737980533459442,0.00021648803251383364,0.005096576061273195,0.0004119343678085674,0.0003671635317298765,0.00033301754999348165
LudwigErnstKarlFriedrich,0.0006500953376504266,0.02282280462441485,0.0005546551060240883,0.011751453135797306,0.007855473328300786,0.4128001144307667,0.06098523504808385,0.041238415303419644,0.002966297653202277,0.0524234348827425,0.02864921335752294,0.0043215397925897014,0.015954203766528768,0.10402237891089429,0.001371073336853324,0.015605091602943776,0.19268994163717304,0.006428103640969022,0.013812415078438178,0.0030980600256845766
MahlmannErnestine,0.00015749040920145808,0.0007526340202273117,0.0075220386364058325,0.0005060051965833281,0.03108206830674039,0.678010311065363,0.03561059054507023,0.03138864794375041,0.00031107648048138127,0.0012559643409089246,0.0005365479647323973,0.0005349971563583525,0.008284546932902405,0.0013092750313799006,0.00033215266801736446,0.00048790319291065775,0.1667985493326511,0.018166279416281274,0.016202393379108886,0.0007505279809253277
MahlmannSiegfriedAugust,0.0001153174762531437,0.0005510929598503295,9.838776455279159e-05,0.00037050663933651796,0.028238683852579025,0.34272472550519234,0.0008309224144876207,0.00046776205662802094,0.0002277761219410883,0.245043373209385,0.00039287063571314903,0.0003917351042941004,0.0004372021001852495,0.006391035921623595,0.00024320850774801433,0.00035725200758311866,0.07183329329040872,0.25726993595298425,0.04346536760147976,0.0005495508777741819
MaxJoseph,0.00011240338373671592,0.0005371667456949786,9.590148877129632e-05,0.0003611438726505108,0.00023713091668123775,0.3605713550353307,0.0008099248617448338,0.0077001645258104705,0.00022202018004974493,0.0008964015173154453,0.39881520206414456,0.00038183589063684375,0.000426153927699064,0.0009344501961439646,0.043702399969041364,0.0003482241877278573,0.07339592370659176,0.0006626024956744923,0.1092539314022552,0.0005356636322988944
MayerAuguste,0.00027201960854889766,0.0012999598680382438,0.00023208452065756925,0.0008739791597228932,0.0005738640331465539,0.2940627356662985,0.037022522444524385,0.001103392613784442,0.0005372955907497302,0.0021693189451834696,0.0009267330504393867,0.0009240544728105584,0.0010313054708904576,0.002261397905590742,0.0005736986727679349,0.000842713129124854,0.6509638435606842,0.0016035181994082926,0.0014292407997418758,0.0012963222878870524
MayerJohannSiegfriedWilhelm,0.00020767587062396538,0.014465233191199661,0.0005093919105962801,0.0023870390151127224,0.005525084418522889,0.4560022079916412,0.031242188151956514,0.004548603000549596,0.0009513067956481642,0.04990918790966071,0.004038709610576227,0.005365943213116723,0.014083358029371206,0.02396345079442736,0.008661146375813387,0.004976475328243294,0.32965230141161816,0.02558507954027502,0.011506603680963158,0.0064190137600837
MayerJohannSiegfriedWilhelmANDMayerJulieHenriette,0.00016155885458943894,0.08406980785722926,0.00013784046497749368,0.0005190768148410495,0.0836385624332944,0.4870172786309091,0.0011641156041485206,0.0006553308704339874,0.00031911251060372914,0.0221128423988036,0.0005504085934755339,0.0005488177231116255,0.0006125166178192398,0.0013430974970781275,0.00034073315870979885,0.0005005071826078293,0.3137372494132212,0.0009523672392284716,0.0008488597854050799,0.000769916349512524
MayerJohannSiegfriedWilhelmANDRichterCaroline,0.0002153811338899757,0.0010292891453051636,0.00018376111738486404,0.0006920038721527956,0.00045437711941843836,0.2050726016370191,0.0015519331294944233,0.0008736500782074969,0.00042542276340699545,0.02947959170351772,0.0007337736286061572,0.0007316527701504492,0.0008165725364147547,0.14060032567157935,0.00045424618949747636,0.0006672478879854488,0.5709475313870179,0.0012696421770627155,0.04277458708916214,0.0010264089627265668
MellishofBlythJosephCharles,0.07187739474428331,0.002644376758749381,0.0004721060454108662,0.4297221640820771,0.14381545909255394,0.2772238163031415,0.003987116659577249,0.03790654628900272,0.0010929660274060908,0.0044128259202453534,0.0018851592271421848,0.0018797104678363547,0.002097880315728009,0.004600132827833389,0.0011670171319075385,0.0017142460069276312,0.004694870290382236,0.003261874741676408,0.002907359870422251,0.002636977197696457
MesserschmidtJohannGeorgFriedrich,0.00016325873991584146,0.06391082846664413,0.0001392907908317787,0.0005245384223961808,0.00034441751987775485,0.2606625935340228,0.0011763641623520125,0.0006622261120066036,0.0003224701394729437,0.022345508670264247,0.021599742552537292,0.011076363600551144,0.04270604674900777,0.12761848537600995,0.00034431827509466973,0.0005057734047386822,0.1276464368420166,0.0009623878295540534,0.1902496754652339,0.12703927334747164
MeusebachErnestinevon,0.0003604997030234817,0.0017227991352174545,0.00030757488851529294,0.00115825924906505,0.0007605253703171997,0.5755819725595449,0.025831231931147964,0.0014622942504385376,0.2330485023521799,0.02610857953061784,0.001228172451418661,0.0012246226101227738,0.001366759249326949,0.0029969651001715983,0.000760306223000203,0.0011168232849246556,0.049525974131269516,0.0021250961934809387,0.0018941314069399926,0.07141891037927696
MosengeilFriedrich,0.20321584884233007,0.008262199372220997,5.273377163319291e-05,0.00019858376289127043,0.0001303922156751838,0.14250117413422772,0.17173209746731982,0.000250710620218018,0.02003914606182838,0.0522772716461495,0.024111045818089576,0.00020996177344252885,0.00023433112657367643,0.00848065536303033,0.00013035464282707413,0.0001914795591608281,0.04035853800748397,0.00036434813617763673,0.00032474918072469887,0.3269343784979956
MurhardFriedrichWilhelmAugust,0.0004696063768617963,0.0022442111690100528,0.00040066365602506304,0.0015088110332914025,0.0009907014088243859,0.2050069700248089,0.0033837582749748213,0.0019048634412038566,0.0009275707623498153,0.0037450462322907844,0.0015998837453539314,0.0015952595304227824,0.0017804143907352125,0.7605389857982788,0.0009904159356973056,0.0014548343092371286,0.003984409675311267,0.002768265037484303,0.002467397836539377,0.0022379313612989173
MüchlerKarl,0.0002143248095392026,0.0010242410560480628,0.00018285987158160786,0.0006886099790676303,0.00045214865303882964,0.23899304262348328,0.01217334042399568,0.25366633401026306,0.00042333630199673314,0.004893092143235731,0.003914056158852816,0.0007280644213314886,0.0008125677034992217,0.36601457358775513,0.0004520183652561148,0.0038478566898906396,0.001818454533121812,0.0012634152902218053,0.08615825105658334,0.022279412321237802
MüllerFriedrichTheodorAdamHeinrichvon,0.0024359617849148236,0.00730765478195454,0.0009499800282586378,0.06292753524946276,0.0049420275231777154,0.36018437634442685,0.0400115315713733,0.011684325374338628,0.004576692537983058,0.020072491355529437,0.010794876009510734,0.010793527096917575,0.001993693843776534,0.027321635002778007,0.11945801805747037,0.044539714597547395,0.010932687467778734,0.012726022005972832,0.02132834124705058,0.2250189081197775
MüllerWilhelmChristian,0.0002385613926597642,0.001140065740758024,0.00020353829180991192,0.0007664803526898128,0.0005032791704800274,0.01189467181754179,0.001718958954297933,0.016342586067421252,0.00047120862015418027,0.23252614353145595,0.0008127455528519747,0.0008103964383418505,0.000904455640921326,0.7092291053038312,0.0005031341493088532,0.016113969971581817,0.002024091596501109,0.0014062866160523702,0.0012534452109958336,0.0011368755803449235
MünsterGeorgLudwigFriedrichWilhelmGrafvon,0.00025419424730873844,0.0012147738979197474,0.00021687609343778403,0.0008167075743341105,0.0005362588996484911,0.1928807797494229,0.0018316018056012762,0.0010310876353479494,0.0005020867760287976,0.0020271641422657766,0.5414859657628291,0.017245924535564814,0.017346147408744673,0.19870228601273404,0.0005361043752845968,0.0007874903970997277,0.0021567296959501686,0.0014984401452485148,0.017718006157952302,0.001211374687276478
MützschefahlAntonievon,0.00021226195586415263,0.0010143828439673032,0.00018109986461404168,0.0050667634516970445,0.0711255745045281,0.6402216272057945,0.001529457828953297,0.0008609977623941934,0.00041926173476285303,0.0016927598883557389,0.0007231470220091006,0.03437714151361111,0.0008047468250997767,0.021496126531944795,0.016691574012895363,0.1928460632727883,0.005166560563684658,0.0012512550513761403,0.0033076537930864657,0.0010115443725731879
OsmundEmanuel,0.0010794509980106514,0.018273645442984165,0.002518879181809765,0.006982626614266599,0.004667712828672666,0.40079805548407166,0.016073609883153917,0.009417334367938674,0.002425328445914985,0.06267109068998636,0.00829314208790872,0.0362282957917171,0.00744812305512658,0.01688100154541162,0.008129837622416666,0.09434403177666299,0.021133438290562984,0.24837397785716053,0.013248647752535286,0.021011770283687795
OsmundEmanuelANDOttoGeorgChristian,0.0010315967477116839,0.0049299180275193324,0.0008801484495244994,0.0033144451002908425,0.0021762999858014973,0.4503442328638965,0.007433191292744769,0.004184463899132897,0.002037619225077352,0.0082268421035476,0.0035145069354746467,0.003504348800238981,0.4693047016394935,0.008576038827252688,0.0021756728794333447,0.003195873003040753,0.008752658109265241,0.006081121020026529,0.005420198082689065,0.004916123007838478
OttoAmöne,0.00015058349877860528,0.0007196264498916988,0.0001284763966811241,0.00048381379722117117,0.010022549103232371,0.5024565558665753,0.0010850324552060372,0.0200205551685775,0.00029743388855317824,0.09824960074456512,0.0005130170795898607,0.010216406089957443,0.0005709058510327433,0.001251855373849828,0.000317585757331566,0.00046650567629015634,0.0012776367167012966,0.3017386950232511,0.0007911932576124418,0.04924197180510141
OttoGeorgChristian,0.0007010371703069881,0.006289957734547257,0.000598118188985591,0.0022523812908483024,0.010298209724281322,0.38918413162180804,0.005051337551979872,0.0028436157225262323,0.0013846949584515116,0.08496412438153032,0.18673205370172408,0.03347197239231484,0.011477108013297503,0.196960101896004,0.0014785114069959114,0.005111561214936357,0.020646788110331778,0.03353009161026789,0.003683377574445089,0.003340825734417088
PaulusSophie,0.0003974351722571988,0.0018993107770330204,0.00033908787656089084,0.0012769302174450814,0.0008384459932226297,0.14788650616090018,0.00286372719612178,0.0016121155230907256,0.3081539467627339,0.0031694908071482515,0.0013540064685138653,0.05257824779297565,0.15519125696650538,0.0033040230847511355,0.0008382043928802447,0.0012312488773283936,0.0033720678075813593,0.2840976774889885,0.027702274555753918,0.0018939960782078128
ReichardtJohannFriedrich,0.00019882206514025826,0.000950154685324315,0.00016963307877097464,0.0006388007921657508,0.00041944340993860967,0.8684360080142585,0.0014326164236988725,0.026434026013191548,0.00039271514106459547,0.001585578609314604,0.013491131406564431,0.000675401378475487,0.0007537922894850007,0.0016528801143855193,0.00041932254625475705,0.0006159481132526303,0.06575578149769347,0.0011720287430640704,0.013858419739189705,0.0009474959387669207
ReitzensteinAnnaMargarethaFannyvon,0.00020426743219912062,0.10157588738342854,0.0021267781257062494,0.0006562963593120866,0.00043093118583473753,0.6042242382477785,0.0014718531265069423,0.0008285695914627744,0.00040347087932312854,0.11438127542080707,0.006069883893335605,0.006643374189676452,0.03926206863103293,0.015365643214517583,0.0004308070119190842,0.0006328177879716216,0.0017331219789732289,0.078911052442135,0.018123722433434155,0.006523940664645088
RichterCaroline,0.0029612462970827736,0.037979634657478854,0.005260602040570606,0.009523604867034003,0.008424157831193615,0.327410265422377,0.11155250312324107,0.008070150834594225,0.046836905682682665,0.049438038156656,0.0319784025457397,0.00559000346219625,0.04990820245580782,0.021331045481203917,0.008739038920032232,0.018856173628352894,0.05376093363170576,0.024483139010427386,0.16394630727779283,0.01394964467383081
RichterCarolineANDJeanPaul,0.10102175431714676,0.0006800288906418134,0.00012140696262883459,0.0004571918664899419,0.0003001970533358089,0.007094959695265674,0.3311762775701235,0.0005772015533268219,0.00028106754178162653,0.0011348039212684252,0.00048478823362634727,0.00048338702869824533,0.0005394916662626072,0.0011829718338607598,0.19288816424928565,0.00044083612765129335,0.1937953882527364,0.16591429949559786,0.0007476577234458848,0.0006781260168257405
RichterCarolineANDRichterEmmaANDRichterOdilieMinna,0.000267332930827197,0.0012775626115127292,0.0002280858921825125,0.0008589212060740567,0.0005639768202585543,0.340683844933841,0.0363846543435168,0.0010843820519764206,0.0005280384225309836,0.0021319433352931013,0.0009107661899449264,0.0009081337620409867,0.4662016869906351,0.0022224358497280397,0.035022195796195636,0.0008281938638809879,0.036726587305182384,0.0015758908784897804,0.001404616137384523,0.07019075067850418
RichterCarolineANDRichterOdilieMinnaANDRichterEmma,0.0002731850910338919,0.05461308949448384,0.00023307889913384022,0.0053403745863143896,0.0005763227841276627,0.17281093941717923,0.0019684407153136405,0.0011081201581416224,0.0005395976622938514,0.11374488391720888,0.01407440621927548,0.0009280136333614705,0.46399631177472705,0.019877440333390103,0.04520266487909019,0.0008463237783611687,0.0023178588994896996,0.0016103885584450891,0.023748618539906022,0.07618994065872284
RichterCarolineANDUtheSpazierWilhelmine,0.00019882206514025826,0.000950154685324315,0.00016963307877097464,0.0006388007921657508,0.00041944340993860967,0.33025757448797394,0.0014326164236988725,0.0008064815595589503,0.00039271514106459547,0.001585578609314604,0.0006773591797481348,0.000675401378475487,0.013567564516301296,0.0016528801143855193,0.00041932254625475705,0.0006159481132526303,0.2579623648999379,0.0011720287430640704,0.3854578143168623,0.0009474959387669207
RichterEmma,0.0003628671522926592,0.2238836169929095,0.04185824189481698,0.001165865690872683,0.048415755048043296,0.3086799254754457,0.0679953128374846,0.009394859858166123,0.01695910643295924,0.08247209957169406,0.004996417507459509,0.0057639472582386025,0.07007327472208993,0.022137054973472244,0.0007652992546085418,0.0019439421559822143,0.020113981304690682,0.03758834370691191,0.024602727626845525,0.010827360535016074
RichterEmmaANDRichterOdilieMinna,0.0002184129188994608,0.5500222943252419,0.00018634780727246696,0.0007017447762338848,0.0004607731008789574,0.4050284909689539,0.00157377871788346,0.0008859479018970967,0.00043141117257494954,0.01581818519065331,0.0007441024993265616,0.0007419517868778081,0.0008280669153807607,0.001815746004444439,0.014537012546473204,0.0006766403176187624,0.001853140396200577,0.0012875141329313994,0.0011475814429227394,0.0010408570773343447
RichterMax,0.04222400209477753,0.0892500340093119,0.00317691098315818,0.0020373056355245025,0.010357077269350179,0.3125667883051907,0.017095503073237185,0.005055706104342921,0.019564216568408184,0.07336245340511935,0.007641883294095645,0.007382555568200198,0.3066301534041112,0.019971901660359885,0.0009648640832455714,0.004142139632801357,0.03386248722667176,0.015956343340545544,0.019841717015165097,0.008915957326383152
RichterOdilieMinna,0.0010973228932916672,0.5808485444805583,0.0007840193882462828,0.0013516064476501043,0.005140511143585332,0.23569040151436982,0.02722918645931001,0.003911240473997304,0.0042343900273994345,0.04739485273890895,0.0014386552292163816,0.0022587127554676597,0.016616265116262574,0.013761991868620418,0.0009566195605588713,0.0008064931289996483,0.026802508933494614,0.008000464289266443,0.016040235972790216,0.0056359775780061745
RichterOdilieMinnaANDRichterCaroline,0.000242286526181971,0.6882173838547424,0.00020671653999760242,0.00077844893496578,0.016126126869190616,0.13700031898712825,0.001745800479460746,0.0009827863690959678,0.0004785665375745928,0.0019322017049177552,0.0008254365657195572,0.0008230507698121973,0.094608512705803,0.002014215981647791,0.0005109905835158352,0.000750600435434775,0.0020556977645154657,0.0014282457660928743,0.0012730177441776355,0.047999594880025226
RichterOdilieMinnaANDWeldenLuisevon,0.0002014027946770948,0.3254648933671637,0.0001718349324560772,0.0006470924879155847,0.00042488782575984363,0.16580309868035248,0.0014512119227295696,0.0008169497678043456,0.0003978126213839623,0.3650488538247415,0.0006861513670790037,0.0006841681533574507,0.0007635765859349006,0.0016743346573158287,0.00042476539325374463,0.026584135625638952,0.0017088167522527273,0.10502801157535648,0.0010582071376034493,0.0009597945272233053
RitterAuguste,0.00048426278326164316,0.2832040877176875,0.0004131683613733892,0.0015559009979385385,0.00102162118160444,0.11777528887557367,0.0034893653086107185,0.0019643141942303874,0.0009565202288124812,0.5656415985750344,0.0016498160876724376,0.001645047551078188,0.001835981091181511,0.004025852583441862,0.0010213267988663042,0.0015002396613175482,0.004108763028123659,0.002854662538478625,0.002544405277716155,0.002307777157996461
RochlitzFriedrich,0.00031725115008619825,0.0015161177732777335,0.0002706756380122592,0.034122892321675626,0.06311276424122779,0.15632912552724262,0.0022859595977449427,0.14814191045604463,0.0006266373406347803,0.011357657602814026,0.0034782044894971866,0.001077706661682619,0.0012027914034416832,0.5144064201865731,0.01246549479831234,0.0009828398431782177,0.002691740602745443,0.0064744316087153135,0.037627503422412965,0.001511875334680558
SchellingFriedrichWilhelmJosephab1812von,0.0004998635143675204,0.002388807599719516,0.000426478755502437,0.0016060250089821259,0.0010545331415922224,0.02492319645972433,0.0036017766930726133,0.19532014208204915,0.0009873349339742717,0.003986342740172457,0.0017029656131936288,0.0016980434561690127,0.034110552446692206,0.7128948849316329,0.0010542292751892282,0.0015485705187766932,0.004241128573020167,0.002946626703804054,0.002626374373698857,0.0023821231786666807
SchillerCharlottevon,0.005199281818230868,0.0028370448210390687,0.000173523220231106,0.01564115089728433,0.00042906237229549805,0.43884064479981616,0.022586270064388934,0.0008249763447411933,0.0004017211525297256,0.001621940179422754,0.00790158724219378,0.0006908901435422622,0.0007710787683893423,0.0016907850885107545,0.00042893873688321245,0.03465085524774755,0.001725605971949544,0.008659308667261327,0.025314911107094006,0.4296104233564486
SchlabrendorffAmanda,0.0003238226674760496,0.008486035793947818,0.0002762823936118004,0.0010404186092675361,0.0006831499500105954,0.41856692707522347,0.0023333107996081886,0.06051879669712798,0.0006396174612111526,0.002582441211437027,0.001103218882022447,0.1921757480261174,0.0012277059376267702,0.002692055568786361,0.0006829530986174739,0.18774472276766474,0.002747497123013705,0.11293068017545198,0.0017014235507026726,0.0015431922110746739
SchragJohannLeonhard,0.000380197952708653,0.0018169354888352002,0.00032438124619062317,0.024686374748798645,0.0008020816282302327,0.09974421543088839,0.011282680550844196,0.0015421962226641634,0.001788993982165278,0.003032026353286186,0.3439952566903759,0.0012915378440105903,0.005267445355058063,0.45093851724112954,0.000801850506371976,0.001177848200440955,0.032476456638722874,0.002241214667568747,0.014597937957112164,0.0018118512945976065
SchubaertHenrietteLuiseEleonorevon,0.0005342881536601239,0.002553320186848075,0.00045584952752748917,0.03615066765964576,0.0011271568118101645,0.5775842298190395,0.07271790172130073,0.002167232007743792,0.0010553307928159732,0.004260874501308815,0.0018202455811786398,0.0018149844446621352,0.0020256418235474307,0.10774384806276792,0.0011268320187121509,0.001655217593419658,0.004533206944662288,0.17531974919893084,0.002807247727850979,0.002546175422567519
SchubaertMarievon,0.0004998635143675204,0.38897390094433454,0.2903652987639637,0.0016060250089821259,0.0010545331415922224,0.15378489424126268,0.0036017766930726133,0.0020275954097416127,0.0009873349339742717,0.003986342740172457,0.0017029656131936288,0.0016980434561690127,0.13075682578284598,0.00415554713317199,0.0010542292751892282,0.0015485705187766932,0.004241128573020167,0.002946626703804054,0.002626374373698857,0.0023821231786666807
SchwendlerAugusteSophieHenriette,0.00022709274320098028,0.0029421565217862106,0.00019375335010504542,0.0038015137585694914,0.002001695108102102,0.4873935677787203,0.015649031397475168,0.014256647357740833,0.00955188530308623,0.040777596053797355,0.0025827549242159954,0.10200570700213392,0.016052554615985794,0.008814733719851317,0.009658169949292479,0.22127413718866062,0.02297934215800586,0.010213975114965116,0.02058862061619202,0.009035065338113126
SchützFriedrichKarlJulius,0.00032984563845759544,0.0015763058219578625,0.0002814211346777234,0.001059769975683978,0.0006958562634908357,0.101478253899619,0.002376709439198505,0.4264986986690112,0.0006515140879611924,0.0026304735761855016,0.0011237383081778324,0.0011204903175169672,0.0012505407727969936,0.4491609104800204,0.0006956557507412143,0.001021857400632275,0.0027985994611321946,0.0019443946967048359,0.0017330693423733836,0.0015718949636605096
SedlnitzkyvonCholtitzJosefGraf,0.00012213596547046017,0.000583677972344271,0.00010420523414644129,0.055492722296172636,0.00025766318138248254,0.10054737109177707,0.0008800531768637697,0.0004954198812962137,0.00024124406350450016,0.0009740175173280428,0.7796918897802793,0.00041489760898515203,0.00046305297641633584,0.05611566903498438,0.00025758893508236863,0.00037837559648496783,0.0010362715382529844,0.0007199747271122943,0.0006417247120435723,0.0005820447100728046
SpazierRichardOtto,0.00014913615154615287,0.0007127096936793753,0.00012724153390611796,0.01009075610913347,0.00031462391211715376,0.2381141497952429,0.0010746035653615238,0.08710927348096405,0.0002945750752109013,0.32798348640751185,0.0005080861684583766,0.0005066176244761541,0.2216320467954576,0.0012398230500861454,0.00031453325243781304,0.0004620218138153269,0.0012653565931751724,0.10660665497538993,0.0007835886304054197,0.0007107153716244932
StudnitzAugustvon,0.0007145159599844413,0.0034146144022761766,0.0006096181630426952,0.002295687658867962,0.0015073729895120635,0.5092067038376895,0.005148459244433275,0.002898289711111811,0.001411318385714612,0.03131224389004643,0.0024342567019942562,0.002427220861908812,0.0027089378684920827,0.005940030956001912,0.0015069386361567948,0.0022135609401845733,0.0060623629584233,0.06824716695041201,0.0037541976018722395,0.346186502281875
ThieriotPaulEmile,0.01129662780879207,0.09521489272930815,0.0003302170863004892,0.0012435247762036864,0.03263081022112511,0.40176634705314723,0.05664722634155173,0.0015699413857375509,0.01563907573801165,0.08919439463002267,0.015044018141739673,0.0013147734916998458,0.04788386763144632,0.012178782057201448,0.0008162763444934933,0.0011990384938139187,0.04228428552361398,0.1688761035790147,0.003025349230237991,0.0018444477365383704
ThüngenJohannHansCarlMoritzFreiherrvon,0.13447758929348574,0.0011060547562046386,0.00019746624047876096,0.0007436143454905494,0.015404503415060729,0.1607022073853345,0.016583916460153725,0.015855046250698168,0.00045715130001154543,0.06151069139630901,0.0007884993401506776,0.000786220305544248,0.4185321461318112,0.16600270380021204,0.00048812441156421575,0.0007170120305261742,0.001963707931277152,0.0013643336034617206,0.0012160518360476932,0.0011029597661774675
TieckLudwig,0.00023069010509002916,0.0011024494894700055,0.00019682258476097888,0.08401125191296564,0.0004866735704097938,0.3200853414469229,0.0016622422320362257,0.26983389218349446,0.0004556611817643426,0.013070499214414822,0.017632095226482687,0.0007836575626983164,0.0008746132998602384,0.12545636180789702,0.0559999076228939,0.0007146748771370795,0.0019573070810105127,0.0013598864578498874,0.10298660755505101,0.0010993645877902026
TruchsessvonWetzhausenChristianFreiherr,0.030100365609517593,0.01960256905574988,0.0317986826049681,0.03550909799173977,0.020912154598011767,0.25676060071044726,0.055103184882864996,0.0032439713698314185,0.00135023024194913,0.07740641003608159,0.011193864830304738,0.010327864226999975,0.012415550460199971,0.013020070746825287,0.004072056398129207,0.006696648026431487,0.02621545542887572,0.002827592551120739,0.016392246307422753,0.3650513839225286
UnbekannteKorrespondenten,0.006432422222130456,0.006103284693618572,0.002209846527524179,0.10604363386790451,0.011283803037658857,0.30676462391057774,0.06218124348697907,0.04434208413452392,0.0015237626551417014,0.04484009046110705,0.010736359728087964,0.004657343040692523,0.008327935972972121,0.23639368592060614,0.0016270012781015501,0.01277733418372044,0.05783732049100229,0.02075185409830681,0.01301439950392413,0.04215197078542001
UtheJohannAndreas,0.0002385613926597642,0.001140065740758024,0.00020353829180991192,0.016141390302940282,0.0005032791704800274,0.4423921504245549,0.032468778854798874,0.0009676761171707836,0.00047120862015418027,0.0019024942776989238,0.3083109445578614,0.0008103964383418505,0.000904455640921326,0.001983247592309601,0.0005031341493088532,0.0007390600213313466,0.18652301099950674,0.0014062866160523702,0.0012534452109958336,0.0011368755803449235
UtheSpazierWilhelmine,0.0004413055282779719,0.002108963685982427,0.0003765176434900929,0.0014178824712047118,0.0009309967456332986,0.4837547805497105,0.0031798359363893122,0.023951667633211885,0.0008716706702951233,0.05742465619873161,0.03825708395918999,0.009158344116577033,0.0016731176405816513,0.2750696913094309,0.0009307284765565513,0.0013671586567568185,0.01599549481309195,0.05650674076481721,0.024480300868916723,0.002103062331154226
UtheSpazierWilhelmineANDMahlmannErnestineANDRichterCaroline,0.00017043171401352118,0.0008144794768305192,0.00014541070352494737,0.0005475846649374693,0.0003595499284100255,0.5467165846785457,0.0012280491727247466,0.000691321833011673,0.000336638262777748,0.0013591694659143016,0.0005806371939946817,0.000578958952566298,0.0006461562091535279,0.0014168608034267356,0.0003594463231849894,0.0005279951830848582,0.2760474989540807,0.0010046715258319491,0.14368823788575644,0.022780317068229236
ViewegEduard,0.00014157284611281056,0.0006765652642924283,0.00012078859426162721,0.00045486322749049515,0.009108206808443592,0.31278983419890943,0.0010201060146313602,0.03359508848917973,0.000279635965922029,0.0038163067923655987,0.3810909006103094,0.0004809249685231696,0.013973157978686849,0.1405045847498648,0.013734996115443336,0.0004385907941831038,0.08014623673931322,0.0008345524666215877,0.006118415292963271,0.0006746720824820623
VoßErnestine,0.026727249257232653,0.07092961323377775,7.24427770982718e-05,0.00027280353414761666,0.037765856390355707,0.5820782925584624,0.020136798162551116,0.0003444125654989429,0.004072709472489116,0.18776221994566963,0.022230021654845732,0.00028843402399613294,0.037830683257561976,0.0007058719122716551,0.0033134671703888303,0.00026304416683201954,0.0007204089955159698,0.0005005215822392181,0.00044612269867072503,0.003539026640394415
VoßHeinrich,0.013887611013815804,0.019325159332474667,0.00010983357400411979,0.08423930279180752,0.0002715801018280838,0.3855710677092942,0.0035309188153943272,0.0158098210127604,0.047645965843784686,0.05751338673773241,0.004603105430437836,0.00043730708552089853,0.04047887267289125,0.01821895955785141,0.0002715018453319981,0.0003988124437154671,0.0010922427037122033,0.009087923474644356,0.0006763855887647582,0.29683024226423366
VoßJohannHeinrich,0.0002280429721738815,0.0010897990538094582,0.00019456407634962447,0.0007326854349377298,0.0004810890672203392,0.8197060012180934,0.0016431682621088346,0.07441008098482553,0.08863251740056396,0.0018186113217783786,0.0007769107541965169,0.000774665214593931,0.0008645772488815582,0.0018958041385682054,0.0004809504401837765,0.0007064740945726298,0.0019348472880379016,0.001344281973195493,0.0011981795050143398,0.0010867495508944897
WagnerJohannErnst,0.025475735933518057,0.003105657679894409,0.008907138716205217,0.09516637110876956,0.05376365659498426,0.3584042229550161,0.03774140497536803,0.01662659277569563,0.00828180160672192,0.03519476142411038,0.024451053526448194,0.0040784416047248565,0.0021336693126931027,0.13946493241558605,0.023069735662046703,0.009864896106607611,0.024753542702000725,0.014413302412366633,0.021579950992016355,0.09352313149522622
WagnerJohannFriedrich,0.0006454082104484513,0.0030843540160986217,0.0005506560940567732,0.2932425223981053,0.0013615803678625974,0.24015782183719794,0.12943716176639966,0.0026179680798880463,0.001274816133871802,0.08833814820492923,0.002198816191370269,0.0021924608554325714,0.0024469302854446913,0.005365513108209753,0.0013611880250215325,0.04359501932239004,0.0054760131994394615,0.170186805764236,0.003391092839895402,0.003075723299701861
WagnerJulianeLouiseAntoinetteKaroline,0.0006196341837497204,0.002961182011974245,0.0005286659417155492,0.001990839433002912,0.0013072063946381572,0.5500429088876647,0.24407153120153424,0.002513420945074601,0.0012239070432552538,0.004941497346688284,0.002111007659801387,0.002104906120756084,0.00234921345215067,0.005151244253453011,0.0013068297197955726,0.001919618459441268,0.045191789003585336,0.003652658335619846,0.003255671387273025,0.1227562682188262
WagnerLorenzHeinrich,0.36573999537179236,0.0051590220181836274,0.00025008467600113964,0.0009417637780054142,0.0006183721361146389,0.23734835578574054,0.017244760569596496,0.016321669768168186,0.0005789674957587692,0.002337568330762556,0.004756848243346386,0.0009957228633149494,0.1741897753042921,0.14218983712388475,0.0006181939506131108,0.004666311852810506,0.01761967281477746,0.00172788485946736,0.0015400907450369386,0.005155102312332668
WagnerLudwigAnton,0.0008600549891524308,0.17039774460791704,0.00073379066664127,0.0027632939432004405,0.0018144082606240106,0.4308867699350945,0.0061971436715272405,0.003488639394570207,0.001698788392274454,0.006858820185135851,0.002930087973785065,0.002921619010588643,0.003260718667713595,0.1180083570672545,0.0018138854342755796,0.00266443891671803,0.0072971995035049815,0.0050699059341889965,0.004518886293071214,0.2258154471527621
WagnerLudwigAntonANDWagnerKarlLudwigFriedrichErnst,0.0002500970516013457,0.11402375006062734,0.00021338040536271079,0.0008035435833973187,0.0005276152828674143,0.4154289695672699,0.34028774837486914,0.0010144681882982203,0.0004939939580155512,0.0503495851411849,0.0008520459417349273,0.0008495832355681591,0.0009481906798776843,0.0020791477191764197,0.0005274632491836486,0.0007747973392954293,0.0021219667390941052,0.0014742877397716106,0.0013140556739663794,0.06566531006883776
WaltherJohannAdam,0.0007374295852376773,0.0035241167775621842,0.0006291678483091104,0.0023693074653659504,0.0015557125392672312,0.7496610533926891,0.19541831366618564,0.0029912342050558947,0.0014565775855286665,0.005880899463566867,0.0025123202428574843,0.0025050587722583945,0.0027958100877694225,0.006130520253569753,0.0015552642567479298,0.002284547046442709,0.006256775288949038,0.00434704603472791,0.0038745899818797775,0.0035142555060293265
WangenheimKarlAugustFreiherrvon,0.00015509915090916108,0.0007412063888492563,0.0001323291077623842,0.0004983222581211678,0.0003272037069428312,0.2076512151388529,0.001117570078237874,0.0006291283868480531,0.0003063532454776667,0.0012368943850922126,0.0005284012796333688,0.0005268740179845057,0.0005880260019355532,0.1212401782124236,0.0203189065191355,0.000480495106527484,0.001315950097706814,0.0009142881740119347,0.0008149193202182248,0.6404766394233294
WeldenFranziskaFannyvon,0.0005165028736700624,0.00246832576180556,0.00044067529724580665,0.0016594860566585795,0.0010896362354069274,0.7247967445759478,0.003721671934075326,0.035382894830187084,0.001020201146942699,0.20384587065713866,0.0017596536008209242,0.0017545675959920134,0.0019582126530809487,0.004293876176720981,0.001089322253958298,0.0016001190325742095,0.004382306434869219,0.0030447134395745136,0.0027138006122837213,0.0024614188310467127
WeldenJosephinevon,0.0004082349155031537,0.0019509218828637782,0.0003483021139014747,0.008198436763850354,0.07304231726590121,0.6998377285780163,0.008493936325093616,0.04586032761716986,0.032016330936798,0.05459153374536134,0.005553907654791463,0.020118100012798738,0.0015477373267788722,0.012411997284827548,0.0008609814213433415,0.011669810626266002,0.0034636990195926138,0.008648485037144984,0.009031748707443369,0.0019454627645539642
WilmansFriedrich,0.000608624399868867,0.0029085671388140583,0.000519272499720091,0.001955465800505425,0.0012839796904470777,0.2618338489872791,0.04007881907824753,0.37826253623619405,0.0012021604185694576,0.008474730966592042,0.01960473867270947,0.0020675057285782844,0.0023074721585350493,0.1458835703027197,0.0012836097084382957,0.006268320250033042,0.11577076850790818,0.003587757173094546,0.0031978239681005657,0.0029004283136451524
