0,erziehung-monat-anstalt (0)
1,zeitung-freund-mahlmann (1)
2,urteil-traube-fr (2)
3,wichtigkeit-luise-schöne (3)
4,werk-jean-reimer (4)
5,ew-brockhaus-verleger (5)
6,majestät-bitte-frau (6)
7,werk-buch-geist (7)
8,brieflein-zeitmangel-eml (8)
9,zeitung-blatt-welt (9)
10,voss-paulus-universität (10)
11,mensch-car-bruder (11)
12,kind-gott-mutter (12)
13,tag-haus-reise (13)
14,herr-frau-kind (14)
15,herz-gott-freund (15)
16,leute-wäsche-rezept (16)
17,emanuel-caroline-richter (17)
18,glück-beschäftigung-abend (18)
19,gemahl-rosalie-see (19)
20,wagner-müller-würzburg (20)
21,sohn-heidelberg-freude (21)
22,emma-förster-karoline (22)
23,minna-verhältnis-schicksal (23)
24,majestät-wirtschaft-märz (24)
25,gast-wein-flasche (25)
26,könig-königin-paket (26)
27,weimar-freund-müller (27)
28,eduard-acht-kanone (28)
29,voß-heinrich-wangenheim (29)
30,paul-jean-voß (30)
31,graf-leopold-krieg (31)
32,vater-emma-brief (32)
33,berlin-charlotte-richter (33)
34,stunden-schüler-buch (34)
35,burschenschaft-mannheim-erklärung (35)
36,gold-zins-gr (36)
37,aufsatz-krieg-bogen (37)
38,falk-weimar-kind (38)
39,vater-brief-tag (39)
40,herr-zeit-hand (40)
41,onkel-tante-richard (41)
42,dresden-großmutter-thilo (42)
43,leben-liebe-mensch (43)
44,rechnung-summe-christus (44)
45,bad-mayer-arzt (45)
46,gott-mensch-bild (46)
47,ewr-herr-jewagner (47)
48,kleid-herr-elle (48)
49,emanuel-henriette-antonie (49)
50,blume-bild-nachschrift (50)
51,aufsatz-abdruck-honorar (51)
52,weimar-minchen-segen (52)
53,krankheit-wagner-fieber (53)
54,freitag-wort-schubert (54)
55,freund-band-exemplar (55)
56,vater-mutter-max (56)
57,bild-anton-original (57)
58,brief-tag-freund (58)
59,kapital-zins-richter (59)
